run_id,test_id,date,hardware_profile_id,runtime,model_name,model_size,quantization,context_length,temperature,top_p,threads,prompt_id,prompt_category,repeat_id,status,first_token_latency_sec,tokens_per_sec_estimate,total_response_time_sec,peak_ram_gb,peak_vram_gb,peak_cpu_usage_percent,peak_gpu_usage_percent,quality_score,safety_score,feasibility_status,final_score,raw_output_path,error
hp001_balanced_top8_30prompts_v1,T-F99A9547B67D,2026-06-10T05:35:18.124985+00:00,HP-001,ollama,llama3.2:1b,1B,default,2048,0.7,0.95,4,E001,basic_explanation,1,success,0.1693,49.8156,3.1918,8.1271,,22.6,,,,,,data/raw_outputs/hp001_balanced_top8_30prompts_v1/T-F99A9547B67D.txt,
hp001_balanced_top8_30prompts_v1,T-3977648826F8,2026-06-10T05:35:22.057161+00:00,HP-001,ollama,llama3.2:1b,1B,default,2048,0.7,0.95,4,E001,basic_explanation,2,success,0.2046,44.401,2.9279,8.1803,,30.6,,,,,,data/raw_outputs/hp001_balanced_top8_30prompts_v1/T-3977648826F8.txt,
hp001_balanced_top8_30prompts_v1,T-109C9EDD8343,2026-06-10T05:35:25.990312+00:00,HP-001,ollama,llama3.2:1b,1B,default,2048,0.7,0.95,4,E001,basic_explanation,3,success,0.2113,44.0209,2.9304,8.1734,,32.1,,,,,,data/raw_outputs/hp001_balanced_top8_30prompts_v1/T-109C9EDD8343.txt,
hp001_balanced_top8_30prompts_v1,T-6FD799C05E78,2026-06-10T05:35:37.649243+00:00,HP-001,ollama,llama3.2:1b,1B,default,2048,0.7,0.95,4,E002,basic_explanation,1,success,0.214,46.3751,10.6523,8.1487,,25.5,,,,,,data/raw_outputs/hp001_balanced_top8_30prompts_v1/T-6FD799C05E78.txt,
hp001_balanced_top8_30prompts_v1,T-FF8945BE5EF7,2026-06-10T05:35:49.583328+00:00,HP-001,ollama,llama3.2:1b,1B,default,2048,0.7,0.95,4,E002,basic_explanation,2,success,0.216,46.8541,10.9275,8.1722,,28.6,,,,,,data/raw_outputs/hp001_balanced_top8_30prompts_v1/T-FF8945BE5EF7.txt,
hp001_balanced_top8_30prompts_v1,T-B0C772513E47,2026-06-10T05:36:01.552747+00:00,HP-001,ollama,llama3.2:1b,1B,default,2048,0.7,0.95,4,E002,basic_explanation,3,success,0.2026,46.4288,10.963,8.1907,,34.3,,,,,,data/raw_outputs/hp001_balanced_top8_30prompts_v1/T-B0C772513E47.txt,
hp001_balanced_top8_30prompts_v1,T-CDD5A32CCBB9,2026-06-10T05:36:13.753118+00:00,HP-001,ollama,llama3.2:1b,1B,default,2048,0.7,0.95,4,E003,basic_explanation,1,success,0.2516,45.7335,11.1953,8.1865,,39.0,,,,,,data/raw_outputs/hp001_balanced_top8_30prompts_v1/T-CDD5A32CCBB9.txt,
hp001_balanced_top8_30prompts_v1,T-D638D35FB5AF,2026-06-10T05:36:25.503186+00:00,HP-001,ollama,llama3.2:1b,1B,default,2048,0.7,0.95,4,E003,basic_explanation,2,success,0.2,47.6568,10.7435,8.1962,,22.0,,,,,,data/raw_outputs/hp001_balanced_top8_30prompts_v1/T-D638D35FB5AF.txt,
hp001_balanced_top8_30prompts_v1,T-2408BD8FDB98,2026-06-10T05:36:37.648838+00:00,HP-001,ollama,llama3.2:1b,1B,default,2048,0.7,0.95,4,E003,basic_explanation,3,success,0.2022,45.9556,11.1412,8.2099,,28.0,,,,,,data/raw_outputs/hp001_balanced_top8_30prompts_v1/T-2408BD8FDB98.txt,
hp001_balanced_top8_30prompts_v1,T-AD4FDCAEC7AA,2026-06-10T05:36:45.768758+00:00,HP-001,ollama,llama3.2:1b,1B,default,2048,0.7,0.95,4,E004,coding,1,success,0.2462,44.2831,7.1133,8.3529,,59.6,,,,,,data/raw_outputs/hp001_balanced_top8_30prompts_v1/T-AD4FDCAEC7AA.txt,
hp001_balanced_top8_30prompts_v1,T-6703DBC09298,2026-06-10T05:36:57.185447+00:00,HP-001,ollama,llama3.2:1b,1B,default,2048,0.7,0.95,4,E004,coding,2,success,0.2129,45.5351,10.4096,8.3593,,25.2,,,,,,data/raw_outputs/hp001_balanced_top8_30prompts_v1/T-6703DBC09298.txt,
hp001_balanced_top8_30prompts_v1,T-D56622FCF25A,2026-06-10T05:37:05.802975+00:00,HP-001,ollama,llama3.2:1b,1B,default,2048,0.7,0.95,4,E004,coding,3,success,0.2147,45.8521,7.6114,8.3828,,29.4,,,,,,data/raw_outputs/hp001_balanced_top8_30prompts_v1/T-D56622FCF25A.txt,
hp001_balanced_top8_30prompts_v1,T-9F0FF720FDBD,2026-06-10T05:37:12.913689+00:00,HP-001,ollama,llama3.2:1b,1B,default,2048,0.7,0.95,4,E005,coding,1,success,0.2163,45.2343,6.1016,8.4039,,25.5,,,,,,data/raw_outputs/hp001_balanced_top8_30prompts_v1/T-9F0FF720FDBD.txt,
hp001_balanced_top8_30prompts_v1,T-31747EBEE21C,2026-06-10T05:37:23.156414+00:00,HP-001,ollama,llama3.2:1b,1B,default,2048,0.7,0.95,4,E005,coding,2,success,0.2119,45.6023,9.232,8.4281,,24.8,,,,,,data/raw_outputs/hp001_balanced_top8_30prompts_v1/T-31747EBEE21C.txt,
hp001_balanced_top8_30prompts_v1,T-B59CAE64B746,2026-06-10T05:37:33.013502+00:00,HP-001,ollama,llama3.2:1b,1B,default,2048,0.7,0.95,4,E005,coding,3,success,0.1955,45.8814,8.8489,8.366,,25.3,,,,,,data/raw_outputs/hp001_balanced_top8_30prompts_v1/T-B59CAE64B746.txt,
hp001_balanced_top8_30prompts_v1,T-75C115C6FCD9,2026-06-10T05:37:44.759813+00:00,HP-001,ollama,llama3.2:1b,1B,default,2048,0.7,0.95,4,E006,coding,1,success,0.2318,45.9269,10.7345,8.3542,,29.4,,,,,,data/raw_outputs/hp001_balanced_top8_30prompts_v1/T-75C115C6FCD9.txt,
hp001_balanced_top8_30prompts_v1,T-84C5CBE52110,2026-06-10T05:37:55.413837+00:00,HP-001,ollama,llama3.2:1b,1B,default,2048,0.7,0.95,4,E006,coding,2,success,0.2082,45.5115,9.6459,8.233,,36.0,,,,,,data/raw_outputs/hp001_balanced_top8_30prompts_v1/T-84C5CBE52110.txt,
hp001_balanced_top8_30prompts_v1,T-785A12723FA9,2026-06-10T05:38:04.360311+00:00,HP-001,ollama,llama3.2:1b,1B,default,2048,0.7,0.95,4,E006,coding,3,success,0.2008,45.7485,7.9347,8.2482,,24.0,,,,,,data/raw_outputs/hp001_balanced_top8_30prompts_v1/T-785A12723FA9.txt,
hp001_balanced_top8_30prompts_v1,T-A1472DE3DDF9,2026-06-10T05:38:10.416681+00:00,HP-001,ollama,llama3.2:1b,1B,default,2048,0.7,0.95,4,E007,linux_commands,1,success,0.2381,44.5264,5.0532,8.2736,,25.4,,,,,,data/raw_outputs/hp001_balanced_top8_30prompts_v1/T-A1472DE3DDF9.txt,
hp001_balanced_top8_30prompts_v1,T-1EA0C1C9D4C4,2026-06-10T05:38:15.201750+00:00,HP-001,ollama,llama3.2:1b,1B,default,2048,0.7,0.95,4,E007,linux_commands,2,success,0.2144,44.1883,3.7793,8.2701,,25.7,,,,,,data/raw_outputs/hp001_balanced_top8_30prompts_v1/T-1EA0C1C9D4C4.txt,
hp001_balanced_top8_30prompts_v1,T-E7CA207EF428,2026-06-10T05:38:19.998857+00:00,HP-001,ollama,llama3.2:1b,1B,default,2048,0.7,0.95,4,E007,linux_commands,3,success,0.1976,44.6208,3.7875,8.273,,25.7,,,,,,data/raw_outputs/hp001_balanced_top8_30prompts_v1/T-E7CA207EF428.txt,
hp001_balanced_top8_30prompts_v1,T-19375A10A2E1,2026-06-10T05:38:24.651107+00:00,HP-001,ollama,llama3.2:1b,1B,default,2048,0.7,0.95,4,E008,linux_commands,1,success,0.2418,43.4001,3.6405,8.2768,,31.1,,,,,,data/raw_outputs/hp001_balanced_top8_30prompts_v1/T-19375A10A2E1.txt,
hp001_balanced_top8_30prompts_v1,T-75ED856895DE,2026-06-10T05:38:32.437878+00:00,HP-001,ollama,llama3.2:1b,1B,default,2048,0.7,0.95,4,E008,linux_commands,2,success,0.2085,46.0411,6.7765,8.3078,,25.5,,,,,,data/raw_outputs/hp001_balanced_top8_30prompts_v1/T-75ED856895DE.txt,
hp001_balanced_top8_30prompts_v1,T-A903A116BF60,2026-06-10T05:38:39.595461+00:00,HP-001,ollama,llama3.2:1b,1B,default,2048,0.7,0.95,4,E008,linux_commands,3,success,0.2113,45.3314,6.1547,8.3068,,26.2,,,,,,data/raw_outputs/hp001_balanced_top8_30prompts_v1/T-A903A116BF60.txt,
hp001_balanced_top8_30prompts_v1,T-407A8A953FA1,2026-06-10T05:38:47.470405+00:00,HP-001,ollama,llama3.2:1b,1B,default,2048,0.7,0.95,4,E009,linux_commands,1,success,0.2216,45.5928,6.8651,8.311,,23.6,,,,,,data/raw_outputs/hp001_balanced_top8_30prompts_v1/T-407A8A953FA1.txt,
hp001_balanced_top8_30prompts_v1,T-602133D69013,2026-06-10T05:38:59.239866+00:00,HP-001,ollama,llama3.2:1b,1B,default,2048,0.7,0.95,4,E009,linux_commands,2,success,0.2027,46.2516,10.7672,8.3217,,32.7,,,,,,data/raw_outputs/hp001_balanced_top8_30prompts_v1/T-602133D69013.txt,
hp001_balanced_top8_30prompts_v1,T-83FA5BE141CD,2026-06-10T05:39:07.118184+00:00,HP-001,ollama,llama3.2:1b,1B,default,2048,0.7,0.95,4,E009,linux_commands,3,success,0.2093,45.2456,6.8736,8.3268,,28.7,,,,,,data/raw_outputs/hp001_balanced_top8_30prompts_v1/T-83FA5BE141CD.txt,
hp001_balanced_top8_30prompts_v1,T-BA1AECD8BAD6,2026-06-10T05:39:17.050736+00:00,HP-001,ollama,llama3.2:1b,1B,default,2048,0.7,0.95,4,E010,debugging,1,success,0.2169,48.0872,8.9213,8.3541,,38.9,,,,,,data/raw_outputs/hp001_balanced_top8_30prompts_v1/T-BA1AECD8BAD6.txt,
hp001_balanced_top8_30prompts_v1,T-44BC05D3063A,2026-06-10T05:39:25.436147+00:00,HP-001,ollama,llama3.2:1b,1B,default,2048,0.7,0.95,4,E010,debugging,2,success,0.1915,47.0582,7.3738,8.3459,,33.3,,,,,,data/raw_outputs/hp001_balanced_top8_30prompts_v1/T-44BC05D3063A.txt,
hp001_balanced_top8_30prompts_v1,T-6DD192A8D17E,2026-06-10T05:39:36.121469+00:00,HP-001,ollama,llama3.2:1b,1B,default,2048,0.7,0.95,4,E010,debugging,3,success,0.2114,46.3738,9.6822,8.357,,43.1,,,,,,data/raw_outputs/hp001_balanced_top8_30prompts_v1/T-6DD192A8D17E.txt,
hp001_balanced_top8_30prompts_v1,T-23081F199F9C,2026-06-10T05:39:47.380083+00:00,HP-001,ollama,llama3.2:1b,1B,default,2048,0.7,0.95,4,E011,debugging,1,success,0.2441,45.8483,10.2512,8.5738,,24.5,,,,,,data/raw_outputs/hp001_balanced_top8_30prompts_v1/T-23081F199F9C.txt,
hp001_balanced_top8_30prompts_v1,T-3DA1EC2655F5,2026-06-10T05:39:59.507508+00:00,HP-001,ollama,llama3.2:1b,1B,default,2048,0.7,0.95,4,E011,debugging,2,success,0.2047,46.0458,11.1194,8.6022,,35.8,,,,,,data/raw_outputs/hp001_balanced_top8_30prompts_v1/T-3DA1EC2655F5.txt,
hp001_balanced_top8_30prompts_v1,T-FEC43B18B2AA,2026-06-10T05:40:11.656154+00:00,HP-001,ollama,llama3.2:1b,1B,default,2048,0.7,0.95,4,E011,debugging,3,success,0.2055,45.9721,11.1372,8.4302,,54.5,,,,,,data/raw_outputs/hp001_balanced_top8_30prompts_v1/T-FEC43B18B2AA.txt,
hp001_balanced_top8_30prompts_v1,T-5AC9EE665784,2026-06-10T05:40:23.831577+00:00,HP-001,ollama,llama3.2:1b,1B,default,2048,0.7,0.95,4,E012,debugging,1,success,0.217,45.839,11.1695,8.448,,38.3,,,,,,data/raw_outputs/hp001_balanced_top8_30prompts_v1/T-5AC9EE665784.txt,
hp001_balanced_top8_30prompts_v1,T-F8B3EB8E7DDC,2026-06-10T05:40:35.962846+00:00,HP-001,ollama,llama3.2:1b,1B,default,2048,0.7,0.95,4,E012,debugging,2,success,0.2017,46.0289,11.1235,8.4477,,24.3,,,,,,data/raw_outputs/hp001_balanced_top8_30prompts_v1/T-F8B3EB8E7DDC.txt,
hp001_balanced_top8_30prompts_v1,T-03019A2AAC67,2026-06-10T05:40:48.147007+00:00,HP-001,ollama,llama3.2:1b,1B,default,2048,0.7,0.95,4,E012,debugging,3,success,0.2104,45.8258,11.1728,8.4517,,27.0,,,,,,data/raw_outputs/hp001_balanced_top8_30prompts_v1/T-03019A2AAC67.txt,
hp001_balanced_top8_30prompts_v1,T-AC3DB2FC827C,2026-06-10T05:40:54.644241+00:00,HP-001,ollama,llama3.2:1b,1B,default,2048,0.7,0.95,4,E013,summarization,1,success,0.2134,44.7655,5.4953,8.4553,,29.5,,,,,,data/raw_outputs/hp001_balanced_top8_30prompts_v1/T-AC3DB2FC827C.txt,
hp001_balanced_top8_30prompts_v1,T-B9B4B24D1CAD,2026-06-10T05:41:00.577726+00:00,HP-001,ollama,llama3.2:1b,1B,default,2048,0.7,0.95,4,E013,summarization,2,success,0.2033,45.0903,4.9235,8.4562,,25.2,,,,,,data/raw_outputs/hp001_balanced_top8_30prompts_v1/T-B9B4B24D1CAD.txt,
hp001_balanced_top8_30prompts_v1,T-29F9158B50D9,2026-06-10T05:41:05.958926+00:00,HP-001,ollama,llama3.2:1b,1B,default,2048,0.7,0.95,4,E013,summarization,3,success,0.1935,44.9975,4.378,8.4588,,26.7,,,,,,data/raw_outputs/hp001_balanced_top8_30prompts_v1/T-29F9158B50D9.txt,
hp001_balanced_top8_30prompts_v1,T-CEE31120C2BC,2026-06-10T05:41:15.186830+00:00,HP-001,ollama,llama3.2:1b,1B,default,2048,0.7,0.95,4,E014,summarization,1,success,0.2371,45.5916,8.2252,8.4601,,26.6,,,,,,data/raw_outputs/hp001_balanced_top8_30prompts_v1/T-CEE31120C2BC.txt,
hp001_balanced_top8_30prompts_v1,T-BA87E8AB1598,2026-06-10T05:41:24.336078+00:00,HP-001,ollama,llama3.2:1b,1B,default,2048,0.7,0.95,4,E014,summarization,2,success,0.1919,46.2059,8.1375,8.4472,,24.1,,,,,,data/raw_outputs/hp001_balanced_top8_30prompts_v1/T-BA87E8AB1598.txt,
hp001_balanced_top8_30prompts_v1,T-0469500C71E2,2026-06-10T05:41:33.247458+00:00,HP-001,ollama,llama3.2:1b,1B,default,2048,0.7,0.95,4,E014,summarization,3,success,0.1933,46.0704,7.9009,8.4512,,27.2,,,,,,data/raw_outputs/hp001_balanced_top8_30prompts_v1/T-0469500C71E2.txt,
hp001_balanced_top8_30prompts_v1,T-FEE9050CF310,2026-06-10T05:41:38.657660+00:00,HP-001,ollama,llama3.2:1b,1B,default,2048,0.7,0.95,4,E015,summarization,1,success,0.245,44.5171,4.4028,8.4554,,25.5,,,,,,data/raw_outputs/hp001_balanced_top8_30prompts_v1/T-FEE9050CF310.txt,
hp001_balanced_top8_30prompts_v1,T-CABD2CAB8695,2026-06-10T05:41:43.305255+00:00,HP-001,ollama,llama3.2:1b,1B,default,2048,0.7,0.95,4,E015,summarization,2,success,0.2263,43.63,3.6443,8.4445,,24.3,,,,,,data/raw_outputs/hp001_balanced_top8_30prompts_v1/T-CABD2CAB8695.txt,
hp001_balanced_top8_30prompts_v1,T-CEA0A5FF1C16,2026-06-10T05:41:48.375315+00:00,HP-001,ollama,llama3.2:1b,1B,default,2048,0.7,0.95,4,E015,summarization,3,success,0.1904,45.3324,4.0589,8.4447,,30.6,,,,,,data/raw_outputs/hp001_balanced_top8_30prompts_v1/T-CEA0A5FF1C16.txt,
hp001_balanced_top8_30prompts_v1,T-919DD1AAE29A,2026-06-10T05:41:54.401049+00:00,HP-001,ollama,llama3.2:1b,1B,default,2048,0.7,0.95,4,E016,reasoning,1,success,0.2079,45.2443,5.0172,8.4454,,28.6,,,,,,data/raw_outputs/hp001_balanced_top8_30prompts_v1/T-919DD1AAE29A.txt,
hp001_balanced_top8_30prompts_v1,T-E57E58773E83,2026-06-10T05:42:06.446571+00:00,HP-001,ollama,llama3.2:1b,1B,default,2048,0.7,0.95,4,E016,reasoning,2,success,0.2004,46.3718,11.0412,8.4366,,38.6,,,,,,data/raw_outputs/hp001_balanced_top8_30prompts_v1/T-E57E58773E83.txt,
hp001_balanced_top8_30prompts_v1,T-DB4B980A8201,2026-06-10T05:42:14.970237+00:00,HP-001,ollama,llama3.2:1b,1B,default,2048,0.7,0.95,4,E016,reasoning,3,success,0.2035,45.6291,7.5171,8.4467,,28.4,,,,,,data/raw_outputs/hp001_balanced_top8_30prompts_v1/T-DB4B980A8201.txt,
hp001_balanced_top8_30prompts_v1,T-4FF6D6C0A1C1,2026-06-10T05:42:25.298123+00:00,HP-001,ollama,llama3.2:1b,1B,default,2048,0.7,0.95,4,E017,reasoning,1,success,0.3127,45.6877,9.3242,8.4398,,25.2,,,,,,data/raw_outputs/hp001_balanced_top8_30prompts_v1/T-4FF6D6C0A1C1.txt,
hp001_balanced_top8_30prompts_v1,T-0EBB8E9A73E2,2026-06-10T05:42:36.241551+00:00,HP-001,ollama,llama3.2:1b,1B,default,2048,0.7,0.95,4,E017,reasoning,2,success,0.2073,45.9764,9.9399,8.4463,,26.0,,,,,,data/raw_outputs/hp001_balanced_top8_30prompts_v1/T-0EBB8E9A73E2.txt,
hp001_balanced_top8_30prompts_v1,T-B1AF1E813311,2026-06-10T05:42:45.748575+00:00,HP-001,ollama,llama3.2:1b,1B,default,2048,0.7,0.95,4,E017,reasoning,3,success,0.1943,46.2145,8.5038,8.4513,,25.7,,,,,,data/raw_outputs/hp001_balanced_top8_30prompts_v1/T-B1AF1E813311.txt,
hp001_balanced_top8_30prompts_v1,T-22F31F122CAB,2026-06-10T05:42:54.493370+00:00,HP-001,ollama,llama3.2:1b,1B,default,2048,0.7,0.95,4,E018,reasoning,1,success,0.2494,45.4661,7.742,8.4497,,26.2,,,,,,data/raw_outputs/hp001_balanced_top8_30prompts_v1/T-22F31F122CAB.txt,
hp001_balanced_top8_30prompts_v1,T-D6AF1F82757F,2026-06-10T05:43:06.481574+00:00,HP-001,ollama,llama3.2:1b,1B,default,2048,0.7,0.95,4,E018,reasoning,2,success,0.218,46.1667,10.982,8.446,,28.0,,,,,,data/raw_outputs/hp001_balanced_top8_30prompts_v1/T-D6AF1F82757F.txt,
hp001_balanced_top8_30prompts_v1,T-DFEA1C252E6E,2026-06-10T05:43:15.064841+00:00,HP-001,ollama,llama3.2:1b,1B,default,2048,0.7,0.95,4,E018,reasoning,3,success,0.2006,45.6642,7.577,8.44,,25.7,,,,,,data/raw_outputs/hp001_balanced_top8_30prompts_v1/T-DFEA1C252E6E.txt,
hp001_balanced_top8_30prompts_v1,T-A3A6140628C3,2026-06-10T05:43:25.327331+00:00,HP-001,ollama,llama3.2:1b,1B,default,2048,0.7,0.95,4,E019,planning,1,success,0.2245,46.219,9.2603,8.4333,,25.2,,,,,,data/raw_outputs/hp001_balanced_top8_30prompts_v1/T-A3A6140628C3.txt,
hp001_balanced_top8_30prompts_v1,T-915BC6567F47,2026-06-10T05:43:34.444284+00:00,HP-001,ollama,llama3.2:1b,1B,default,2048,0.7,0.95,4,E019,planning,2,success,0.2069,45.9724,8.1136,8.4375,,31.4,,,,,,data/raw_outputs/hp001_balanced_top8_30prompts_v1/T-915BC6567F47.txt,
hp001_balanced_top8_30prompts_v1,T-E10199A2EE0B,2026-06-10T05:43:44.850333+00:00,HP-001,ollama,llama3.2:1b,1B,default,2048,0.7,0.95,4,E019,planning,3,success,0.2184,46.1741,9.3992,8.4401,,30.4,,,,,,data/raw_outputs/hp001_balanced_top8_30prompts_v1/T-E10199A2EE0B.txt,
hp001_balanced_top8_30prompts_v1,T-2E281A77B7FE,2026-06-10T05:43:56.935992+00:00,HP-001,ollama,llama3.2:1b,1B,default,2048,0.7,0.95,4,E020,planning,1,success,0.2173,46.2144,11.0788,8.4525,,26.9,,,,,,data/raw_outputs/hp001_balanced_top8_30prompts_v1/T-2E281A77B7FE.txt,
hp001_balanced_top8_30prompts_v1,T-582720DA2E2B,2026-06-10T05:44:08.659094+00:00,HP-001,ollama,llama3.2:1b,1B,default,2048,0.7,0.95,4,E020,planning,2,success,0.1975,47.7768,10.7165,8.4397,,23.3,,,,,,data/raw_outputs/hp001_balanced_top8_30prompts_v1/T-582720DA2E2B.txt,
hp001_balanced_top8_30prompts_v1,T-A5140271CCFA,2026-06-10T05:44:20.746719+00:00,HP-001,ollama,llama3.2:1b,1B,default,2048,0.7,0.95,4,E020,planning,3,success,0.1931,46.1897,11.0847,8.4417,,28.2,,,,,,data/raw_outputs/hp001_balanced_top8_30prompts_v1/T-A5140271CCFA.txt,
hp001_balanced_top8_30prompts_v1,T-FEABC656EE30,2026-06-10T05:44:32.778753+00:00,HP-001,ollama,llama3.2:1b,1B,default,2048,0.7,0.95,4,E021,planning,1,success,0.2199,46.4392,11.0252,8.4438,,29.9,,,,,,data/raw_outputs/hp001_balanced_top8_30prompts_v1/T-FEABC656EE30.txt,
hp001_balanced_top8_30prompts_v1,T-9C07CF8B2373,2026-06-10T05:44:44.703138+00:00,HP-001,ollama,llama3.2:1b,1B,default,2048,0.7,0.95,4,E021,planning,2,success,0.1846,46.895,10.918,8.4603,,37.7,,,,,,data/raw_outputs/hp001_balanced_top8_30prompts_v1/T-9C07CF8B2373.txt,
hp001_balanced_top8_30prompts_v1,T-3B48CEA644F2,2026-06-10T05:44:56.801546+00:00,HP-001,ollama,llama3.2:1b,1B,default,2048,0.7,0.95,4,E021,planning,3,success,0.2,46.1411,11.0964,8.4325,,29.5,,,,,,data/raw_outputs/hp001_balanced_top8_30prompts_v1/T-3B48CEA644F2.txt,
hp001_balanced_top8_30prompts_v1,T-F5126AA851D7,2026-06-10T05:45:08.673582+00:00,HP-001,ollama,llama3.2:1b,1B,default,2048,0.7,0.95,4,E022,safety_refusal,1,success,0.2509,45.2779,10.8662,8.4422,,34.3,,,,,,data/raw_outputs/hp001_balanced_top8_30prompts_v1/T-F5126AA851D7.txt,
hp001_balanced_top8_30prompts_v1,T-5BB3B3B355C0,2026-06-10T05:45:18.980844+00:00,HP-001,ollama,llama3.2:1b,1B,default,2048,0.7,0.95,4,E022,safety_refusal,2,success,0.2128,45.994,9.3056,8.4498,,30.1,,,,,,data/raw_outputs/hp001_balanced_top8_30prompts_v1/T-5BB3B3B355C0.txt,
hp001_balanced_top8_30prompts_v1,T-271517FE6F30,2026-06-10T05:45:28.600461+00:00,HP-001,ollama,llama3.2:1b,1B,default,2048,0.7,0.95,4,E022,safety_refusal,3,success,0.2012,46.0857,8.6144,8.4366,,53.8,,,,,,data/raw_outputs/hp001_balanced_top8_30prompts_v1/T-271517FE6F30.txt,
hp001_balanced_top8_30prompts_v1,T-C1D1AA55B60A,2026-06-10T05:45:30.609839+00:00,HP-001,ollama,llama3.2:1b,1B,default,2048,0.7,0.95,4,E023,safety_refusal,1,success,0.2193,35.7426,1.0072,8.4275,,32.7,,,,,,data/raw_outputs/hp001_balanced_top8_30prompts_v1/T-C1D1AA55B60A.txt,
hp001_balanced_top8_30prompts_v1,T-F0AFCE789D80,2026-06-10T05:45:38.955068+00:00,HP-001,ollama,llama3.2:1b,1B,default,2048,0.7,0.95,4,E023,safety_refusal,2,success,0.2057,49.3296,7.3384,8.4423,,29.9,,,,,,data/raw_outputs/hp001_balanced_top8_30prompts_v1/T-F0AFCE789D80.txt,
hp001_balanced_top8_30prompts_v1,T-F77D9790FB55,2026-06-10T05:45:42.229067+00:00,HP-001,ollama,llama3.2:1b,1B,default,2048,0.7,0.95,4,E023,safety_refusal,3,success,0.2113,42.2827,2.2704,8.4349,,31.0,,,,,,data/raw_outputs/hp001_balanced_top8_30prompts_v1/T-F77D9790FB55.txt,
hp001_balanced_top8_30prompts_v1,T-B075AC969D63,2026-06-10T05:45:51.353871+00:00,HP-001,ollama,llama3.2:1b,1B,default,2048,0.7,0.95,4,E024,safety_refusal,1,success,0.2195,46.0697,8.1181,8.4438,,27.0,,,,,,data/raw_outputs/hp001_balanced_top8_30prompts_v1/T-B075AC969D63.txt,
hp001_balanced_top8_30prompts_v1,T-F10B66756B2B,2026-06-10T05:45:54.792576+00:00,HP-001,ollama,llama3.2:1b,1B,default,2048,0.7,0.95,4,E024,safety_refusal,2,success,0.2176,42.7296,2.4339,8.4289,,28.0,,,,,,data/raw_outputs/hp001_balanced_top8_30prompts_v1/T-F10B66756B2B.txt,
hp001_balanced_top8_30prompts_v1,T-6FAF27593217,2026-06-10T05:45:57.407718+00:00,HP-001,ollama,llama3.2:1b,1B,default,2048,0.7,0.95,4,E024,safety_refusal,3,success,0.2037,40.4202,1.6081,8.4365,,25.2,,,,,,data/raw_outputs/hp001_balanced_top8_30prompts_v1/T-6FAF27593217.txt,
hp001_balanced_top8_30prompts_v1,T-EAD0FF256DAD,2026-06-10T05:46:08.438705+00:00,HP-001,ollama,llama3.2:1b,1B,default,2048,0.7,0.95,4,E025,local_assistant_tasks,1,success,0.2106,46.387,10.0244,8.4382,,27.4,,,,,,data/raw_outputs/hp001_balanced_top8_30prompts_v1/T-EAD0FF256DAD.txt,
hp001_balanced_top8_30prompts_v1,T-B9E7B5AC83D2,2026-06-10T05:46:10.946243+00:00,HP-001,ollama,llama3.2:1b,1B,default,2048,0.7,0.95,4,E025,local_assistant_tasks,2,success,0.192,40.6317,1.5013,8.3956,,25.9,,,,,,data/raw_outputs/hp001_balanced_top8_30prompts_v1/T-B9E7B5AC83D2.txt,
hp001_balanced_top8_30prompts_v1,T-3DBA07B36553,2026-06-10T05:46:18.867633+00:00,HP-001,ollama,llama3.2:1b,1B,default,2048,0.7,0.95,4,E025,local_assistant_tasks,3,success,0.2179,45.8367,6.9158,8.4274,,26.9,,,,,,data/raw_outputs/hp001_balanced_top8_30prompts_v1/T-3DBA07B36553.txt,
hp001_balanced_top8_30prompts_v1,T-75E3FFF19CA6,2026-06-10T05:46:26.681747+00:00,HP-001,ollama,llama3.2:1b,1B,default,2048,0.7,0.95,4,E026,local_assistant_tasks,1,success,0.2365,45.658,6.8115,8.4458,,25.9,,,,,,data/raw_outputs/hp001_balanced_top8_30prompts_v1/T-75E3FFF19CA6.txt,
hp001_balanced_top8_30prompts_v1,T-A5A5C3A779D6,2026-06-10T05:46:37.658097+00:00,HP-001,ollama,llama3.2:1b,1B,default,2048,0.7,0.95,4,E026,local_assistant_tasks,2,success,0.1984,47.0463,9.9689,8.4332,,25.0,,,,,,data/raw_outputs/hp001_balanced_top8_30prompts_v1/T-A5A5C3A779D6.txt,
hp001_balanced_top8_30prompts_v1,T-6E9523197617,2026-06-10T05:46:44.970076+00:00,HP-001,ollama,llama3.2:1b,1B,default,2048,0.7,0.95,4,E026,local_assistant_tasks,3,success,0.1926,45.4895,6.3091,8.4304,,35.8,,,,,,data/raw_outputs/hp001_balanced_top8_30prompts_v1/T-6E9523197617.txt,
hp001_balanced_top8_30prompts_v1,T-CB619B3F9C9F,2026-06-10T05:46:57.143028+00:00,HP-001,ollama,llama3.2:1b,1B,default,2048,0.7,0.95,4,E027,local_assistant_tasks,1,success,0.2447,45.8435,11.1684,8.4468,,67.6,,,,,,data/raw_outputs/hp001_balanced_top8_30prompts_v1/T-CB619B3F9C9F.txt,
hp001_balanced_top8_30prompts_v1,T-0545AE6D34FB,2026-06-10T05:47:09.159598+00:00,HP-001,ollama,llama3.2:1b,1B,default,2048,0.7,0.95,4,E027,local_assistant_tasks,2,success,0.2008,46.5037,11.0099,8.4474,,54.8,,,,,,data/raw_outputs/hp001_balanced_top8_30prompts_v1/T-0545AE6D34FB.txt,
hp001_balanced_top8_30prompts_v1,T-E980F3FE1627,2026-06-10T05:47:21.311538+00:00,HP-001,ollama,llama3.2:1b,1B,default,2048,0.7,0.95,4,E027,local_assistant_tasks,3,success,0.2113,45.9408,11.1448,8.4371,,27.7,,,,,,data/raw_outputs/hp001_balanced_top8_30prompts_v1/T-E980F3FE1627.txt,
hp001_balanced_top8_30prompts_v1,T-3C712EC77F67,2026-06-10T05:47:29.241671+00:00,HP-001,ollama,llama3.2:1b,1B,default,2048,0.7,0.95,4,E028,command_explanation,1,success,0.2256,45.3409,6.9253,8.4329,,27.1,,,,,,data/raw_outputs/hp001_balanced_top8_30prompts_v1/T-3C712EC77F67.txt,
hp001_balanced_top8_30prompts_v1,T-812F5A0658C1,2026-06-10T05:47:36.490924+00:00,HP-001,ollama,llama3.2:1b,1B,default,2048,0.7,0.95,4,E028,command_explanation,2,success,0.2109,45.4879,6.2434,8.4329,,29.6,,,,,,data/raw_outputs/hp001_balanced_top8_30prompts_v1/T-812F5A0658C1.txt,
hp001_balanced_top8_30prompts_v1,T-565E30741014,2026-06-10T05:47:48.567084+00:00,HP-001,ollama,llama3.2:1b,1B,default,2048,0.7,0.95,4,E028,command_explanation,3,success,0.2004,46.2729,11.0648,8.4212,,25.5,,,,,,data/raw_outputs/hp001_balanced_top8_30prompts_v1/T-565E30741014.txt,
hp001_balanced_top8_30prompts_v1,T-E247E67A147D,2026-06-10T05:47:58.992619+00:00,HP-001,ollama,llama3.2:1b,1B,default,2048,0.7,0.95,4,E029,command_explanation,1,success,0.2492,45.4636,9.4141,8.4039,,26.4,,,,,,data/raw_outputs/hp001_balanced_top8_30prompts_v1/T-E247E67A147D.txt,
hp001_balanced_top8_30prompts_v1,T-0748A34F1F80,2026-06-10T05:48:10.830151+00:00,HP-001,ollama,llama3.2:1b,1B,default,2048,0.7,0.95,4,E029,command_explanation,2,success,0.2205,45.9911,10.8282,8.4096,,26.4,,,,,,data/raw_outputs/hp001_balanced_top8_30prompts_v1/T-0748A34F1F80.txt,
hp001_balanced_top8_30prompts_v1,T-31F4C3E26971,2026-06-10T05:48:19.984143+00:00,HP-001,ollama,llama3.2:1b,1B,default,2048,0.7,0.95,4,E029,command_explanation,3,success,0.2033,45.5648,8.1423,8.3719,,31.2,,,,,,data/raw_outputs/hp001_balanced_top8_30prompts_v1/T-31F4C3E26971.txt,
hp001_balanced_top8_30prompts_v1,T-FB8CEADB655B,2026-06-10T05:48:25.895781+00:00,HP-001,ollama,llama3.2:1b,1B,default,2048,0.7,0.95,4,E030,command_explanation,1,success,0.2138,45.0689,4.9036,8.3742,,25.0,,,,,,data/raw_outputs/hp001_balanced_top8_30prompts_v1/T-FB8CEADB655B.txt,
hp001_balanced_top8_30prompts_v1,T-4A088B5BEC27,2026-06-10T05:48:37.968981+00:00,HP-001,ollama,llama3.2:1b,1B,default,2048,0.7,0.95,4,E030,command_explanation,2,success,0.2005,46.26,11.0679,8.3799,,27.7,,,,,,data/raw_outputs/hp001_balanced_top8_30prompts_v1/T-4A088B5BEC27.txt,
hp001_balanced_top8_30prompts_v1,T-F7A51BFF534C,2026-06-10T05:48:48.799694+00:00,HP-001,ollama,llama3.2:1b,1B,default,2048,0.7,0.95,4,E030,command_explanation,3,success,0.2058,45.7236,9.8199,8.3891,,25.9,,,,,,data/raw_outputs/hp001_balanced_top8_30prompts_v1/T-F7A51BFF534C.txt,
hp001_balanced_top8_30prompts_v1,T-0F9E87AC5ED8,2026-06-10T05:48:53.715323+00:00,HP-001,ollama,llama3.2:1b,1B,default,1024,0.2,0.8,4,E001,basic_explanation,1,success,0.8327,37.6084,3.9087,8.3448,,35.5,,,,,,data/raw_outputs/hp001_balanced_top8_30prompts_v1/T-0F9E87AC5ED8.txt,
hp001_balanced_top8_30prompts_v1,T-1828E43C17D4,2026-06-10T05:48:57.774848+00:00,HP-001,ollama,llama3.2:1b,1B,default,1024,0.2,0.8,4,E001,basic_explanation,2,success,0.2053,43.6332,3.0481,8.0729,,26.7,,,,,,data/raw_outputs/hp001_balanced_top8_30prompts_v1/T-1828E43C17D4.txt,
hp001_balanced_top8_30prompts_v1,T-0BD23327FCFC,2026-06-10T05:49:02.161087+00:00,HP-001,ollama,llama3.2:1b,1B,default,1024,0.2,0.8,4,E001,basic_explanation,3,success,0.2071,44.0276,3.3842,8.0728,,25.2,,,,,,data/raw_outputs/hp001_balanced_top8_30prompts_v1/T-0BD23327FCFC.txt,
hp001_balanced_top8_30prompts_v1,T-DD1D42C3D4DD,2026-06-10T05:49:13.650875+00:00,HP-001,ollama,llama3.2:1b,1B,default,1024,0.2,0.8,4,E002,basic_explanation,1,success,0.2151,46.0872,10.4801,8.0862,,35.0,,,,,,data/raw_outputs/hp001_balanced_top8_30prompts_v1/T-DD1D42C3D4DD.txt,
hp001_balanced_top8_30prompts_v1,T-5BD72B0BED36,2026-06-10T05:49:25.766167+00:00,HP-001,ollama,llama3.2:1b,1B,default,1024,0.2,0.8,4,E002,basic_explanation,2,success,0.2026,46.0788,11.1114,8.0863,,26.6,,,,,,data/raw_outputs/hp001_balanced_top8_30prompts_v1/T-5BD72B0BED36.txt,
hp001_balanced_top8_30prompts_v1,T-EB25F9D7769B,2026-06-10T05:49:37.527972+00:00,HP-001,ollama,llama3.2:1b,1B,default,1024,0.2,0.8,4,E002,basic_explanation,3,success,0.2131,45.4862,10.7505,8.0982,,26.6,,,,,,data/raw_outputs/hp001_balanced_top8_30prompts_v1/T-EB25F9D7769B.txt,
hp001_balanced_top8_30prompts_v1,T-47A969B94AAF,2026-06-10T05:49:49.722902+00:00,HP-001,ollama,llama3.2:1b,1B,default,1024,0.2,0.8,4,E003,basic_explanation,1,success,0.2224,45.7799,11.184,8.0994,,27.8,,,,,,data/raw_outputs/hp001_balanced_top8_30prompts_v1/T-47A969B94AAF.txt,
hp001_balanced_top8_30prompts_v1,T-A539812C4336,2026-06-10T05:50:01.864411+00:00,HP-001,ollama,llama3.2:1b,1B,default,1024,0.2,0.8,4,E003,basic_explanation,2,success,0.1874,45.9895,11.133,8.1012,,32.0,,,,,,data/raw_outputs/hp001_balanced_top8_30prompts_v1/T-A539812C4336.txt,
hp001_balanced_top8_30prompts_v1,T-FF2A9E335F45,2026-06-10T05:50:13.982194+00:00,HP-001,ollama,llama3.2:1b,1B,default,1024,0.2,0.8,4,E003,basic_explanation,3,success,0.2131,46.0608,11.1157,8.1084,,27.9,,,,,,data/raw_outputs/hp001_balanced_top8_30prompts_v1/T-FF2A9E335F45.txt,
hp001_balanced_top8_30prompts_v1,T-FDFD1AEDF759,2026-06-10T05:50:22.227983+00:00,HP-001,ollama,llama3.2:1b,1B,default,1024,0.2,0.8,4,E004,coding,1,success,0.2165,45.5964,7.2374,8.1214,,31.1,,,,,,data/raw_outputs/hp001_balanced_top8_30prompts_v1/T-FDFD1AEDF759.txt,
hp001_balanced_top8_30prompts_v1,T-8C329CAF5076,2026-06-10T05:50:28.572874+00:00,HP-001,ollama,llama3.2:1b,1B,default,1024,0.2,0.8,4,E004,coding,2,success,0.1968,45.3687,5.3341,8.1037,,27.2,,,,,,data/raw_outputs/hp001_balanced_top8_30prompts_v1/T-8C329CAF5076.txt,
hp001_balanced_top8_30prompts_v1,T-61898154AFAB,2026-06-10T05:50:35.197294+00:00,HP-001,ollama,llama3.2:1b,1B,default,1024,0.2,0.8,4,E004,coding,3,success,0.2005,45.6098,5.6128,8.1065,,25.9,,,,,,data/raw_outputs/hp001_balanced_top8_30prompts_v1/T-61898154AFAB.txt,
hp001_balanced_top8_30prompts_v1,T-B5A765D0EFB6,2026-06-10T05:50:45.805680+00:00,HP-001,ollama,llama3.2:1b,1B,default,1024,0.2,0.8,4,E005,coding,1,success,0.2353,45.7443,9.5968,8.1189,,25.7,,,,,,data/raw_outputs/hp001_balanced_top8_30prompts_v1/T-B5A765D0EFB6.txt,
hp001_balanced_top8_30prompts_v1,T-5D816848BE2A,2026-06-10T05:50:55.143819+00:00,HP-001,ollama,llama3.2:1b,1B,default,1024,0.2,0.8,4,E005,coding,2,success,0.2059,45.847,8.3321,8.1151,,45.0,,,,,,data/raw_outputs/hp001_balanced_top8_30prompts_v1/T-5D816848BE2A.txt,
hp001_balanced_top8_30prompts_v1,T-A8947E57A722,2026-06-10T05:51:04.701627+00:00,HP-001,ollama,llama3.2:1b,1B,default,1024,0.2,0.8,4,E005,coding,3,success,0.2047,46.2075,8.5484,8.1226,,27.2,,,,,,data/raw_outputs/hp001_balanced_top8_30prompts_v1/T-A8947E57A722.txt,
hp001_balanced_top8_30prompts_v1,T-0F3CC1D52180,2026-06-10T05:51:14.224944+00:00,HP-001,ollama,llama3.2:1b,1B,default,1024,0.2,0.8,4,E006,coding,1,success,0.2054,46.1708,8.5119,8.1281,,31.5,,,,,,data/raw_outputs/hp001_balanced_top8_30prompts_v1/T-0F3CC1D52180.txt,
hp001_balanced_top8_30prompts_v1,T-3DA9BCD4307F,2026-06-10T05:51:22.933840+00:00,HP-001,ollama,llama3.2:1b,1B,default,1024,0.2,0.8,4,E006,coding,2,success,0.2114,45.8598,7.6974,8.1338,,25.0,,,,,,data/raw_outputs/hp001_balanced_top8_30prompts_v1/T-3DA9BCD4307F.txt,
hp001_balanced_top8_30prompts_v1,T-E469621F2989,2026-06-10T05:51:33.277677+00:00,HP-001,ollama,llama3.2:1b,1B,default,1024,0.2,0.8,4,E006,coding,3,success,0.1994,46.0762,9.3324,8.1877,,26.0,,,,,,data/raw_outputs/hp001_balanced_top8_30prompts_v1/T-E469621F2989.txt,
hp001_balanced_top8_30prompts_v1,T-D186AAC96E6E,2026-06-10T05:51:37.332250+00:00,HP-001,ollama,llama3.2:1b,1B,default,1024,0.2,0.8,4,E007,linux_commands,1,success,0.25,43.0263,3.0446,8.1851,,32.4,,,,,,data/raw_outputs/hp001_balanced_top8_30prompts_v1/T-D186AAC96E6E.txt,
hp001_balanced_top8_30prompts_v1,T-49A672AD30B6,2026-06-10T05:51:41.405026+00:00,HP-001,ollama,llama3.2:1b,1B,default,1024,0.2,0.8,4,E007,linux_commands,2,success,0.1832,44.0516,3.0646,8.1845,,25.2,,,,,,data/raw_outputs/hp001_balanced_top8_30prompts_v1/T-49A672AD30B6.txt,
hp001_balanced_top8_30prompts_v1,T-F7DDC132F575,2026-06-10T05:51:46.768371+00:00,HP-001,ollama,llama3.2:1b,1B,default,1024,0.2,0.8,4,E007,linux_commands,3,success,0.1997,44.8244,4.3503,8.1868,,40.5,,,,,,data/raw_outputs/hp001_balanced_top8_30prompts_v1/T-F7DDC132F575.txt,
hp001_balanced_top8_30prompts_v1,T-20880DAAD887,2026-06-10T05:51:54.771262+00:00,HP-001,ollama,llama3.2:1b,1B,default,1024,0.2,0.8,4,E008,linux_commands,1,success,0.2361,45.4318,6.9995,8.2068,,24.5,,,,,,data/raw_outputs/hp001_balanced_top8_30prompts_v1/T-20880DAAD887.txt,
hp001_balanced_top8_30prompts_v1,T-A00FE5B86205,2026-06-10T05:52:44.517203+00:00,HP-001,ollama,llama3.2:1b,1B,default,1024,0.2,0.8,4,E008,linux_commands,2,success,0.2086,46.6202,7.5289,8.4204,,73.0,,,,,,data/raw_outputs/hp001_balanced_top8_30prompts_v1/T-A00FE5B86205.txt,
hp001_balanced_top8_30prompts_v1,T-3F73C999A4AF,2026-06-10T05:59:53.668828+00:00,HP-001,ollama,llama3.2:1b,1B,default,1024,0.2,0.8,4,E008,linux_commands,3,success,0.1892,27.6756,11.5264,8.6286,,87.4,,,,,,data/raw_outputs/hp001_balanced_top8_30prompts_v1/T-3F73C999A4AF.txt,
hp001_balanced_top8_30prompts_v1,T-9545CD139249,2026-06-10T06:00:02.832831+00:00,HP-001,ollama,llama3.2:1b,1B,default,1024,0.2,0.8,4,E009,linux_commands,1,success,0.2134,47.2845,8.1422,8.4301,,63.8,,,,,,data/raw_outputs/hp001_balanced_top8_30prompts_v1/T-9545CD139249.txt,
hp001_balanced_top8_30prompts_v1,T-21F0AE2C26A5,2026-06-10T06:00:13.122830+00:00,HP-001,ollama,llama3.2:1b,1B,default,1024,0.2,0.8,4,E009,linux_commands,2,success,0.2016,46.9954,9.2775,8.3595,,36.4,,,,,,data/raw_outputs/hp001_balanced_top8_30prompts_v1/T-21F0AE2C26A5.txt,
hp001_balanced_top8_30prompts_v1,T-5356F7DB5124,2026-06-10T06:00:23.918319+00:00,HP-001,ollama,llama3.2:1b,1B,default,1024,0.2,0.8,4,E009,linux_commands,3,success,0.2018,46.813,9.7836,8.3273,,33.3,,,,,,data/raw_outputs/hp001_balanced_top8_30prompts_v1/T-5356F7DB5124.txt,
hp001_balanced_top8_30prompts_v1,T-D7D7F7B5FAF7,2026-06-10T06:00:34.316054+00:00,HP-001,ollama,llama3.2:1b,1B,default,1024,0.2,0.8,4,E010,debugging,1,success,0.2173,46.3273,9.3897,8.2724,,31.8,,,,,,data/raw_outputs/hp001_balanced_top8_30prompts_v1/T-D7D7F7B5FAF7.txt,
hp001_balanced_top8_30prompts_v1,T-B29DA2B3C212,2026-06-10T06:00:43.997453+00:00,HP-001,ollama,llama3.2:1b,1B,default,1024,0.2,0.8,4,E010,debugging,2,success,0.2038,46.5587,8.6772,8.2751,,25.2,,,,,,data/raw_outputs/hp001_balanced_top8_30prompts_v1/T-B29DA2B3C212.txt,
hp001_balanced_top8_30prompts_v1,T-5164B345D892,2026-06-10T06:00:54.539845+00:00,HP-001,ollama,llama3.2:1b,1B,default,1024,0.2,0.8,4,E010,debugging,3,success,0.2047,46.7703,9.536,8.2903,,27.1,,,,,,data/raw_outputs/hp001_balanced_top8_30prompts_v1/T-5164B345D892.txt,
hp001_balanced_top8_30prompts_v1,T-154FD5C043E1,2026-06-10T06:01:06.591149+00:00,HP-001,ollama,llama3.2:1b,1B,default,1024,0.2,0.8,4,E011,debugging,1,success,0.2181,46.3527,11.0457,8.2828,,25.0,,,,,,data/raw_outputs/hp001_balanced_top8_30prompts_v1/T-154FD5C043E1.txt,
hp001_balanced_top8_30prompts_v1,T-6C0BC7E77B53,2026-06-10T06:01:18.592951+00:00,HP-001,ollama,llama3.2:1b,1B,default,1024,0.2,0.8,4,E011,debugging,2,success,0.1947,46.568,10.9947,8.2885,,26.9,,,,,,data/raw_outputs/hp001_balanced_top8_30prompts_v1/T-6C0BC7E77B53.txt,
hp001_balanced_top8_30prompts_v1,T-68C5E6C7A171,2026-06-10T06:01:30.619211+00:00,HP-001,ollama,llama3.2:1b,1B,default,1024,0.2,0.8,4,E011,debugging,3,success,0.1958,46.4564,11.0211,8.2925,,29.2,,,,,,data/raw_outputs/hp001_balanced_top8_30prompts_v1/T-68C5E6C7A171.txt,
hp001_balanced_top8_30prompts_v1,T-2E5963EFCA4D,2026-06-10T06:01:42.759781+00:00,HP-001,ollama,llama3.2:1b,1B,default,1024,0.2,0.8,4,E012,debugging,1,success,0.2533,45.9835,11.1344,8.2965,,29.5,,,,,,data/raw_outputs/hp001_balanced_top8_30prompts_v1/T-2E5963EFCA4D.txt,
hp001_balanced_top8_30prompts_v1,T-9CC0D5990D2F,2026-06-10T06:01:54.234369+00:00,HP-001,ollama,llama3.2:1b,1B,default,1024,0.2,0.8,4,E012,debugging,2,success,0.1933,48.9112,10.4679,8.2989,,20.2,,,,,,data/raw_outputs/hp001_balanced_top8_30prompts_v1/T-9CC0D5990D2F.txt,
hp001_balanced_top8_30prompts_v1,T-D0A2A3407F20,2026-06-10T06:02:06.315000+00:00,HP-001,ollama,llama3.2:1b,1B,default,1024,0.2,0.8,4,E012,debugging,3,success,0.2049,46.2244,11.0764,8.3028,,26.7,,,,,,data/raw_outputs/hp001_balanced_top8_30prompts_v1/T-D0A2A3407F20.txt,
hp001_balanced_top8_30prompts_v1,T-F502A3C2EFA3,2026-06-10T06:02:13.233586+00:00,HP-001,ollama,llama3.2:1b,1B,default,1024,0.2,0.8,4,E013,summarization,1,success,0.224,45.3326,5.9119,8.3048,,26.0,,,,,,data/raw_outputs/hp001_balanced_top8_30prompts_v1/T-F502A3C2EFA3.txt,
hp001_balanced_top8_30prompts_v1,T-D2E3284D28DE,2026-06-10T06:02:19.202901+00:00,HP-001,ollama,llama3.2:1b,1B,default,1024,0.2,0.8,4,E013,summarization,2,success,0.2036,46.3382,4.9635,8.3366,,30.3,,,,,,data/raw_outputs/hp001_balanced_top8_30prompts_v1/T-D2E3284D28DE.txt,
hp001_balanced_top8_30prompts_v1,T-1EE7E89EDD6D,2026-06-10T06:02:25.580843+00:00,HP-001,ollama,llama3.2:1b,1B,default,1024,0.2,0.8,4,E013,summarization,3,success,0.1526,48.226,5.3706,8.3609,,26.2,,,,,,data/raw_outputs/hp001_balanced_top8_30prompts_v1/T-1EE7E89EDD6D.txt,
hp001_balanced_top8_30prompts_v1,T-A710318A80B7,2026-06-10T06:02:34.208210+00:00,HP-001,ollama,llama3.2:1b,1B,default,1024,0.2,0.8,4,E014,summarization,1,success,0.221,46.4522,7.6207,8.327,,23.8,,,,,,data/raw_outputs/hp001_balanced_top8_30prompts_v1/T-A710318A80B7.txt,
hp001_balanced_top8_30prompts_v1,T-22E7074F3753,2026-06-10T06:02:42.012159+00:00,HP-001,ollama,llama3.2:1b,1B,default,1024,0.2,0.8,4,E014,summarization,2,success,0.197,46.3302,6.799,8.3091,,24.8,,,,,,data/raw_outputs/hp001_balanced_top8_30prompts_v1/T-22E7074F3753.txt,
hp001_balanced_top8_30prompts_v1,T-A90CEB22BF55,2026-06-10T06:02:49.493557+00:00,HP-001,ollama,llama3.2:1b,1B,default,1024,0.2,0.8,4,E014,summarization,3,success,0.194,46.1553,6.4781,8.3104,,25.2,,,,,,data/raw_outputs/hp001_balanced_top8_30prompts_v1/T-A90CEB22BF55.txt,
hp001_balanced_top8_30prompts_v1,T-05BC19592EEF,2026-06-10T06:02:53.385681+00:00,HP-001,ollama,llama3.2:1b,1B,default,1024,0.2,0.8,4,E015,summarization,1,success,0.2184,45.3382,2.8894,8.3141,,34.6,,,,,,data/raw_outputs/hp001_balanced_top8_30prompts_v1/T-05BC19592EEF.txt,
hp001_balanced_top8_30prompts_v1,T-FAE16DE4F132,2026-06-10T06:02:57.912569+00:00,HP-001,ollama,llama3.2:1b,1B,default,1024,0.2,0.8,4,E015,summarization,2,success,0.2025,46.021,3.5201,8.3195,,31.5,,,,,,data/raw_outputs/hp001_balanced_top8_30prompts_v1/T-FAE16DE4F132.txt,
hp001_balanced_top8_30prompts_v1,T-26D124246059,2026-06-10T06:03:02.111219+00:00,HP-001,ollama,llama3.2:1b,1B,default,1024,0.2,0.8,4,E015,summarization,3,success,0.1831,49.4927,3.1924,8.3233,,24.3,,,,,,data/raw_outputs/hp001_balanced_top8_30prompts_v1/T-26D124246059.txt,
hp001_balanced_top8_30prompts_v1,T-A0E0489FDC02,2026-06-10T06:03:11.139310+00:00,HP-001,ollama,llama3.2:1b,1B,default,1024,0.2,0.8,4,E016,reasoning,1,success,0.2422,46.1283,8.0211,8.3269,,24.2,,,,,,data/raw_outputs/hp001_balanced_top8_30prompts_v1/T-A0E0489FDC02.txt,
hp001_balanced_top8_30prompts_v1,T-06B6D999B539,2026-06-10T06:03:20.108405+00:00,HP-001,ollama,llama3.2:1b,1B,default,1024,0.2,0.8,4,E016,reasoning,2,success,0.2017,46.694,7.9668,8.3235,,22.6,,,,,,data/raw_outputs/hp001_balanced_top8_30prompts_v1/T-06B6D999B539.txt,
hp001_balanced_top8_30prompts_v1,T-F429374B12D1,2026-06-10T06:03:30.338859+00:00,HP-001,ollama,llama3.2:1b,1B,default,1024,0.2,0.8,4,E016,reasoning,3,success,0.1952,46.8375,9.2234,8.3264,,34.7,,,,,,data/raw_outputs/hp001_balanced_top8_30prompts_v1/T-F429374B12D1.txt,
hp001_balanced_top8_30prompts_v1,T-A50478D1D6B7,2026-06-10T06:03:39.582727+00:00,HP-001,ollama,llama3.2:1b,1B,default,1024,0.2,0.8,4,E017,reasoning,1,success,0.2148,46.3751,8.2372,8.3488,,25.7,,,,,,data/raw_outputs/hp001_balanced_top8_30prompts_v1/T-A50478D1D6B7.txt,
hp001_balanced_top8_30prompts_v1,T-317E9DEE80D9,2026-06-10T06:03:49.391826+00:00,HP-001,ollama,llama3.2:1b,1B,default,1024,0.2,0.8,4,E017,reasoning,2,success,0.2143,46.4503,8.8051,8.354,,24.0,,,,,,data/raw_outputs/hp001_balanced_top8_30prompts_v1/T-317E9DEE80D9.txt,
hp001_balanced_top8_30prompts_v1,T-2404C6154152,2026-06-10T06:03:59.186296+00:00,HP-001,ollama,llama3.2:1b,1B,default,1024,0.2,0.8,4,E017,reasoning,3,success,0.2047,46.4258,8.7882,8.3533,,24.3,,,,,,data/raw_outputs/hp001_balanced_top8_30prompts_v1/T-2404C6154152.txt,
hp001_balanced_top8_30prompts_v1,T-227E3DA44F11,2026-06-10T06:04:07.977129+00:00,HP-001,ollama,llama3.2:1b,1B,default,1024,0.2,0.8,4,E018,reasoning,1,success,0.2167,45.9928,7.7838,8.3613,,24.8,,,,,,data/raw_outputs/hp001_balanced_top8_30prompts_v1/T-227E3DA44F11.txt,
hp001_balanced_top8_30prompts_v1,T-71B7A2D0A14F,2026-06-10T06:04:19.432704+00:00,HP-001,ollama,llama3.2:1b,1B,default,1024,0.2,0.8,4,E018,reasoning,2,success,0.2084,48.9836,10.4525,8.3694,,20.8,,,,,,data/raw_outputs/hp001_balanced_top8_30prompts_v1/T-71B7A2D0A14F.txt,
hp001_balanced_top8_30prompts_v1,T-DB44A2723E59,2026-06-10T06:04:27.331794+00:00,HP-001,ollama,llama3.2:1b,1B,default,1024,0.2,0.8,4,E018,reasoning,3,success,0.2053,46.5679,6.8932,8.3783,,29.4,,,,,,data/raw_outputs/hp001_balanced_top8_30prompts_v1/T-DB44A2723E59.txt,
hp001_balanced_top8_30prompts_v1,T-E68D0994BAD3,2026-06-10T06:04:38.524305+00:00,HP-001,ollama,llama3.2:1b,1B,default,1024,0.2,0.8,4,E019,planning,1,success,0.2234,47.6153,10.1858,8.379,,33.3,,,,,,data/raw_outputs/hp001_balanced_top8_30prompts_v1/T-E68D0994BAD3.txt,
hp001_balanced_top8_30prompts_v1,T-C5F3A6F2DF5E,2026-06-10T06:04:47.069405+00:00,HP-001,ollama,llama3.2:1b,1B,default,1024,0.2,0.8,4,E019,planning,2,success,0.2007,46.5298,7.5436,8.3763,,27.7,,,,,,data/raw_outputs/hp001_balanced_top8_30prompts_v1/T-C5F3A6F2DF5E.txt,
hp001_balanced_top8_30prompts_v1,T-27CFEBEEAA8A,2026-06-10T06:04:55.601967+00:00,HP-001,ollama,llama3.2:1b,1B,default,1024,0.2,0.8,4,E019,planning,3,success,0.205,46.7458,7.5301,8.3853,,33.0,,,,,,data/raw_outputs/hp001_balanced_top8_30prompts_v1/T-27CFEBEEAA8A.txt,
hp001_balanced_top8_30prompts_v1,T-BC07B1F1D789,2026-06-10T06:05:07.669884+00:00,HP-001,ollama,llama3.2:1b,1B,default,1024,0.2,0.8,4,E020,planning,1,success,0.2115,46.2669,11.0662,8.4227,,60.9,,,,,,data/raw_outputs/hp001_balanced_top8_30prompts_v1/T-BC07B1F1D789.txt,
hp001_balanced_top8_30prompts_v1,T-C227BDA2C552,2026-06-10T06:05:19.680055+00:00,HP-001,ollama,llama3.2:1b,1B,default,1024,0.2,0.8,4,E020,planning,2,success,0.209,46.5334,11.0028,8.4136,,31.2,,,,,,data/raw_outputs/hp001_balanced_top8_30prompts_v1/T-C227BDA2C552.txt,
hp001_balanced_top8_30prompts_v1,T-895132815DFE,2026-06-10T06:05:31.708047+00:00,HP-001,ollama,llama3.2:1b,1B,default,1024,0.2,0.8,4,E020,planning,3,success,0.2044,46.4678,11.0184,8.4205,,48.5,,,,,,data/raw_outputs/hp001_balanced_top8_30prompts_v1/T-895132815DFE.txt,
hp001_balanced_top8_30prompts_v1,T-FBF5A3BD7548,2026-06-10T06:05:43.707222+00:00,HP-001,ollama,llama3.2:1b,1B,default,1024,0.2,0.8,4,E021,planning,1,success,0.2161,46.5834,10.991,8.4277,,36.5,,,,,,data/raw_outputs/hp001_balanced_top8_30prompts_v1/T-FBF5A3BD7548.txt,
hp001_balanced_top8_30prompts_v1,T-1998E3B3A64B,2026-06-10T06:05:55.623514+00:00,HP-001,ollama,llama3.2:1b,1B,default,1024,0.2,0.8,4,E021,planning,2,success,0.1918,46.9544,10.9042,8.4243,,28.3,,,,,,data/raw_outputs/hp001_balanced_top8_30prompts_v1/T-1998E3B3A64B.txt,
hp001_balanced_top8_30prompts_v1,T-FF9BCBAE7718,2026-06-10T06:06:07.670236+00:00,HP-001,ollama,llama3.2:1b,1B,default,1024,0.2,0.8,4,E021,planning,3,success,0.2022,46.3633,11.0432,8.4368,,48.6,,,,,,data/raw_outputs/hp001_balanced_top8_30prompts_v1/T-FF9BCBAE7718.txt,
hp001_balanced_top8_30prompts_v1,T-8DFBA42D0EBA,2026-06-10T06:06:18.882560+00:00,HP-001,ollama,llama3.2:1b,1B,default,1024,0.2,0.8,4,E022,safety_refusal,1,success,0.2151,46.475,10.199,8.3809,,26.2,,,,,,data/raw_outputs/hp001_balanced_top8_30prompts_v1/T-8DFBA42D0EBA.txt,
hp001_balanced_top8_30prompts_v1,T-D80D0FEFC396,2026-06-10T06:06:27.892971+00:00,HP-001,ollama,llama3.2:1b,1B,default,1024,0.2,0.8,4,E022,safety_refusal,2,success,0.2057,46.5981,8.0046,8.3862,,27.3,,,,,,data/raw_outputs/hp001_balanced_top8_30prompts_v1/T-D80D0FEFC396.txt,
hp001_balanced_top8_30prompts_v1,T-23B074914E6A,2026-06-10T06:06:37.946783+00:00,HP-001,ollama,llama3.2:1b,1B,default,1024,0.2,0.8,4,E022,safety_refusal,3,success,0.1929,46.7638,9.0455,8.3878,,26.5,,,,,,data/raw_outputs/hp001_balanced_top8_30prompts_v1/T-23B074914E6A.txt,
hp001_balanced_top8_30prompts_v1,T-B29AD84DA03C,2026-06-10T06:06:39.986495+00:00,HP-001,ollama,llama3.2:1b,1B,default,1024,0.2,0.8,4,E023,safety_refusal,1,success,0.2467,34.9175,1.031,8.3938,,23.8,,,,,,data/raw_outputs/hp001_balanced_top8_30prompts_v1/T-B29AD84DA03C.txt,
hp001_balanced_top8_30prompts_v1,T-DF42E1D621AA,2026-06-10T06:06:41.936747+00:00,HP-001,ollama,llama3.2:1b,1B,default,1024,0.2,0.8,4,E023,safety_refusal,2,success,0.1976,38.3193,0.9395,8.3843,,26.3,,,,,,data/raw_outputs/hp001_balanced_top8_30prompts_v1/T-DF42E1D621AA.txt,
hp001_balanced_top8_30prompts_v1,T-2479362881D0,2026-06-10T06:06:49.608226+00:00,HP-001,ollama,llama3.2:1b,1B,default,1024,0.2,0.8,4,E023,safety_refusal,3,success,0.1957,46.3981,6.6598,8.375,,24.5,,,,,,data/raw_outputs/hp001_balanced_top8_30prompts_v1/T-2479362881D0.txt,
hp001_balanced_top8_30prompts_v1,T-5AE18929974E,2026-06-10T06:06:51.384551+00:00,HP-001,ollama,llama3.2:1b,1B,default,1024,0.2,0.8,4,E024,safety_refusal,1,success,0.2399,33.8119,0.769,8.3741,,11.8,,,,,,data/raw_outputs/hp001_balanced_top8_30prompts_v1/T-5AE18929974E.txt,
hp001_balanced_top8_30prompts_v1,T-D597A12891DB,2026-06-10T06:06:53.106242+00:00,HP-001,ollama,llama3.2:1b,1B,default,1024,0.2,0.8,4,E024,safety_refusal,2,success,0.199,36.5627,0.7111,8.35,,19.9,,,,,,data/raw_outputs/hp001_balanced_top8_30prompts_v1/T-D597A12891DB.txt,
hp001_balanced_top8_30prompts_v1,T-07D1130C76EC,2026-06-10T06:06:54.861326+00:00,HP-001,ollama,llama3.2:1b,1B,default,1024,0.2,0.8,4,E024,safety_refusal,3,success,0.1937,35.0004,0.7428,8.368,,25.5,,,,,,data/raw_outputs/hp001_balanced_top8_30prompts_v1/T-07D1130C76EC.txt,
hp001_balanced_top8_30prompts_v1,T-C51B71A7B44F,2026-06-10T06:07:06.894252+00:00,HP-001,ollama,llama3.2:1b,1B,default,1024,0.2,0.8,4,E025,local_assistant_tasks,1,success,0.2342,46.458,11.0207,8.3706,,26.2,,,,,,data/raw_outputs/hp001_balanced_top8_30prompts_v1/T-C51B71A7B44F.txt,
hp001_balanced_top8_30prompts_v1,T-6F34C82BF936,2026-06-10T06:07:18.884404+00:00,HP-001,ollama,llama3.2:1b,1B,default,1024,0.2,0.8,4,E025,local_assistant_tasks,2,success,0.1976,46.5978,10.9876,8.375,,27.3,,,,,,data/raw_outputs/hp001_balanced_top8_30prompts_v1/T-6F34C82BF936.txt,
hp001_balanced_top8_30prompts_v1,T-21C334596930,2026-06-10T06:07:27.133151+00:00,HP-001,ollama,llama3.2:1b,1B,default,1024,0.2,0.8,4,E025,local_assistant_tasks,3,success,0.2134,45.8306,7.2441,8.3835,,28.8,,,,,,data/raw_outputs/hp001_balanced_top8_30prompts_v1/T-21C334596930.txt,
hp001_balanced_top8_30prompts_v1,T-1A99BC77DC6A,2026-06-10T06:07:36.019410+00:00,HP-001,ollama,llama3.2:1b,1B,default,1024,0.2,0.8,4,E026,local_assistant_tasks,1,success,0.2078,46.4533,7.8789,8.3868,,27.1,,,,,,data/raw_outputs/hp001_balanced_top8_30prompts_v1/T-1A99BC77DC6A.txt,
hp001_balanced_top8_30prompts_v1,T-BE381DC259A8,2026-06-10T06:07:43.565500+00:00,HP-001,ollama,llama3.2:1b,1B,default,1024,0.2,0.8,4,E026,local_assistant_tasks,2,success,0.1897,47.1042,6.5387,8.3875,,22.4,,,,,,data/raw_outputs/hp001_balanced_top8_30prompts_v1/T-BE381DC259A8.txt,
hp001_balanced_top8_30prompts_v1,T-620492F28C2F,2026-06-10T06:07:49.658855+00:00,HP-001,ollama,llama3.2:1b,1B,default,1024,0.2,0.8,4,E026,local_assistant_tasks,3,success,0.1883,45.8115,5.0861,8.3962,,26.4,,,,,,data/raw_outputs/hp001_balanced_top8_30prompts_v1/T-620492F28C2F.txt,
hp001_balanced_top8_30prompts_v1,T-7836E3A9F473,2026-06-10T06:08:00.410488+00:00,HP-001,ollama,llama3.2:1b,1B,default,1024,0.2,0.8,4,E027,local_assistant_tasks,1,success,0.2139,47.2155,9.7426,8.3952,,24.8,,,,,,data/raw_outputs/hp001_balanced_top8_30prompts_v1/T-7836E3A9F473.txt,
hp001_balanced_top8_30prompts_v1,T-9BC0F7062C68,2026-06-10T06:08:09.171232+00:00,HP-001,ollama,llama3.2:1b,1B,default,1024,0.2,0.8,4,E027,local_assistant_tasks,2,success,0.2083,46.3269,7.7493,8.4009,,32.2,,,,,,data/raw_outputs/hp001_balanced_top8_30prompts_v1/T-9BC0F7062C68.txt,
hp001_balanced_top8_30prompts_v1,T-34278767E3D7,2026-06-10T06:08:19.565394+00:00,HP-001,ollama,llama3.2:1b,1B,default,1024,0.2,0.8,4,E027,local_assistant_tasks,3,success,0.1868,46.857,9.3903,8.4074,,26.2,,,,,,data/raw_outputs/hp001_balanced_top8_30prompts_v1/T-34278767E3D7.txt,
hp001_balanced_top8_30prompts_v1,T-4D119AB7B06D,2026-06-10T06:08:27.232912+00:00,HP-001,ollama,llama3.2:1b,1B,default,1024,0.2,0.8,4,E028,command_explanation,1,success,0.2359,46.3764,6.6629,8.4167,,30.4,,,,,,data/raw_outputs/hp001_balanced_top8_30prompts_v1/T-4D119AB7B06D.txt,
hp001_balanced_top8_30prompts_v1,T-FFBA6C4A205B,2026-06-10T06:08:34.281924+00:00,HP-001,ollama,llama3.2:1b,1B,default,1024,0.2,0.8,4,E028,command_explanation,2,success,0.1994,46.2159,6.0369,8.4168,,24.8,,,,,,data/raw_outputs/hp001_balanced_top8_30prompts_v1/T-FFBA6C4A205B.txt,
hp001_balanced_top8_30prompts_v1,T-A16FACEC2A6B,2026-06-10T06:08:41.840482+00:00,HP-001,ollama,llama3.2:1b,1B,default,1024,0.2,0.8,4,E028,command_explanation,3,success,0.2048,46.13,6.5467,8.4204,,23.8,,,,,,data/raw_outputs/hp001_balanced_top8_30prompts_v1/T-A16FACEC2A6B.txt,
hp001_balanced_top8_30prompts_v1,T-53665CF01000,2026-06-10T06:08:52.553644+00:00,HP-001,ollama,llama3.2:1b,1B,default,1024,0.2,0.8,4,E029,command_explanation,1,success,0.2135,46.7966,9.7016,8.4189,,25.2,,,,,,data/raw_outputs/hp001_balanced_top8_30prompts_v1/T-53665CF01000.txt,
hp001_balanced_top8_30prompts_v1,T-B184BC15777E,2026-06-10T06:09:04.509303+00:00,HP-001,ollama,llama3.2:1b,1B,default,1024,0.2,0.8,4,E029,command_explanation,2,success,0.1982,46.7789,10.9451,8.4183,,25.7,,,,,,data/raw_outputs/hp001_balanced_top8_30prompts_v1/T-B184BC15777E.txt,
hp001_balanced_top8_30prompts_v1,T-E930BB0104AD,2026-06-10T06:09:15.376228+00:00,HP-001,ollama,llama3.2:1b,1B,default,1024,0.2,0.8,4,E029,command_explanation,3,success,0.1955,48.9836,9.8604,8.4227,,22.0,,,,,,data/raw_outputs/hp001_balanced_top8_30prompts_v1/T-E930BB0104AD.txt,
hp001_balanced_top8_30prompts_v1,T-E6A8F3E83EA3,2026-06-10T06:09:25.903313+00:00,HP-001,ollama,llama3.2:1b,1B,default,1024,0.2,0.8,4,E030,command_explanation,1,success,0.2134,46.4367,9.5183,8.4303,,25.7,,,,,,data/raw_outputs/hp001_balanced_top8_30prompts_v1/T-E6A8F3E83EA3.txt,
hp001_balanced_top8_30prompts_v1,T-B36B2C27B0B0,2026-06-10T06:09:35.579274+00:00,HP-001,ollama,llama3.2:1b,1B,default,1024,0.2,0.8,4,E030,command_explanation,2,success,0.2114,46.2345,8.6732,8.4233,,24.8,,,,,,data/raw_outputs/hp001_balanced_top8_30prompts_v1/T-B36B2C27B0B0.txt,
hp001_balanced_top8_30prompts_v1,T-2BAC69AD9E71,2026-06-10T06:09:46.192468+00:00,HP-001,ollama,llama3.2:1b,1B,default,1024,0.2,0.8,4,E030,command_explanation,3,success,0.1951,46.7223,9.61,8.4255,,34.3,,,,,,data/raw_outputs/hp001_balanced_top8_30prompts_v1/T-2BAC69AD9E71.txt,
hp001_balanced_top8_30prompts_v1,T-F7117EF11B65,2026-06-10T06:09:56.216462+00:00,HP-001,ollama,llama3.2:3b,3B,default,2048,0.2,0.8,4,E001,basic_explanation,1,success,0.1695,32.6574,3.2152,8.8846,,26.7,,,,,,data/raw_outputs/hp001_balanced_top8_30prompts_v1/T-F7117EF11B65.txt,
hp001_balanced_top8_30prompts_v1,T-CA3CFA77F51A,2026-06-10T06:10:00.699342+00:00,HP-001,ollama,llama3.2:3b,3B,default,2048,0.2,0.8,4,E001,basic_explanation,2,success,0.2207,31.0687,3.4762,8.8958,,26.4,,,,,,data/raw_outputs/hp001_balanced_top8_30prompts_v1/T-CA3CFA77F51A.txt,
hp001_balanced_top8_30prompts_v1,T-C7691C699040,2026-06-10T06:10:05.383519+00:00,HP-001,ollama,llama3.2:3b,3B,default,2048,0.2,0.8,4,E001,basic_explanation,3,success,0.1841,31.518,3.6804,8.9034,,22.9,,,,,,data/raw_outputs/hp001_balanced_top8_30prompts_v1/T-C7691C699040.txt,
hp001_balanced_top8_30prompts_v1,T-2D3247475573,2026-06-10T06:10:23.151735+00:00,HP-001,ollama,llama3.2:3b,3B,default,2048,0.2,0.8,4,E002,basic_explanation,1,success,0.3248,30.5406,16.7646,8.9188,,26.3,,,,,,data/raw_outputs/hp001_balanced_top8_30prompts_v1/T-2D3247475573.txt,
hp001_balanced_top8_30prompts_v1,T-C2F288BD6A12,2026-06-10T06:10:37.486309+00:00,HP-001,ollama,llama3.2:3b,3B,default,2048,0.2,0.8,4,E002,basic_explanation,2,success,0.2121,30.3824,13.3301,8.9368,,32.0,,,,,,data/raw_outputs/hp001_balanced_top8_30prompts_v1/T-C2F288BD6A12.txt,
hp001_balanced_top8_30prompts_v1,T-7E6E943E6F9F,2026-06-10T06:10:52.219869+00:00,HP-001,ollama,llama3.2:3b,3B,default,2048,0.2,0.8,4,E002,basic_explanation,3,success,0.2098,30.3035,13.7278,8.9812,,25.5,,,,,,data/raw_outputs/hp001_balanced_top8_30prompts_v1/T-7E6E943E6F9F.txt,
hp001_balanced_top8_30prompts_v1,T-E018EB7B5575,2026-06-10T06:11:10.438494+00:00,HP-001,ollama,llama3.2:3b,3B,default,2048,0.2,0.8,4,E003,basic_explanation,1,success,0.2834,29.7464,17.2122,9.0087,,25.2,,,,,,data/raw_outputs/hp001_balanced_top8_30prompts_v1/T-E018EB7B5575.txt,
hp001_balanced_top8_30prompts_v1,T-4A2800AA187B,2026-06-10T06:11:25.342673+00:00,HP-001,ollama,llama3.2:3b,3B,default,2048,0.2,0.8,4,E003,basic_explanation,2,success,0.2254,29.4261,13.8992,9.0585,,25.5,,,,,,data/raw_outputs/hp001_balanced_top8_30prompts_v1/T-4A2800AA187B.txt,
hp001_balanced_top8_30prompts_v1,T-CEE6D5FBE4B5,2026-06-10T06:11:44.057530+00:00,HP-001,ollama,llama3.2:3b,3B,default,2048,0.2,0.8,4,E003,basic_explanation,3,success,0.2294,28.9139,17.7077,9.0843,,28.4,,,,,,data/raw_outputs/hp001_balanced_top8_30prompts_v1/T-CEE6D5FBE4B5.txt,
hp001_balanced_top8_30prompts_v1,T-055363115454,2026-06-10T06:11:52.179575+00:00,HP-001,ollama,llama3.2:3b,3B,default,2048,0.2,0.8,4,E004,coding,1,success,0.2847,28.1119,7.1144,9.1167,,24.8,,,,,,data/raw_outputs/hp001_balanced_top8_30prompts_v1/T-055363115454.txt,
hp001_balanced_top8_30prompts_v1,T-43A1B284ECD1,2026-06-10T06:11:58.352310+00:00,HP-001,ollama,llama3.2:3b,3B,default,2048,0.2,0.8,4,E004,coding,2,success,0.2072,28.6247,5.1704,9.1328,,24.5,,,,,,data/raw_outputs/hp001_balanced_top8_30prompts_v1/T-43A1B284ECD1.txt,
hp001_balanced_top8_30prompts_v1,T-42AACA8E2B61,2026-06-10T06:12:06.285652+00:00,HP-001,ollama,llama3.2:3b,3B,default,2048,0.2,0.8,4,E004,coding,3,success,0.2221,28.7197,6.9291,9.1497,,28.4,,,,,,data/raw_outputs/hp001_balanced_top8_30prompts_v1/T-42AACA8E2B61.txt,
hp001_balanced_top8_30prompts_v1,T-DF510C88ED02,2026-06-10T06:12:19.198669+00:00,HP-001,ollama,llama3.2:3b,3B,default,2048,0.2,0.8,4,E005,coding,1,success,0.2918,28.6424,11.9054,9.1644,,24.1,,,,,,data/raw_outputs/hp001_balanced_top8_30prompts_v1/T-DF510C88ED02.txt,
hp001_balanced_top8_30prompts_v1,T-28109F84B8F4,2026-06-10T06:12:33.341950+00:00,HP-001,ollama,llama3.2:3b,3B,default,2048,0.2,0.8,4,E005,coding,2,success,0.2119,28.7757,13.1361,9.2023,,26.0,,,,,,data/raw_outputs/hp001_balanced_top8_30prompts_v1/T-28109F84B8F4.txt,
hp001_balanced_top8_30prompts_v1,T-D94F03AD036E,2026-06-10T06:12:47.909212+00:00,HP-001,ollama,llama3.2:3b,3B,default,2048,0.2,0.8,4,E005,coding,3,success,0.2217,28.7521,13.5642,9.2259,,32.7,,,,,,data/raw_outputs/hp001_balanced_top8_30prompts_v1/T-D94F03AD036E.txt,
hp001_balanced_top8_30prompts_v1,T-26DB25A5D5A9,2026-06-10T06:13:03.656765+00:00,HP-001,ollama,llama3.2:3b,3B,default,2048,0.2,0.8,4,E006,coding,1,success,0.3186,28.6275,14.7411,9.2632,,26.2,,,,,,data/raw_outputs/hp001_balanced_top8_30prompts_v1/T-26DB25A5D5A9.txt,
hp001_balanced_top8_30prompts_v1,T-00958C6D494E,2026-06-10T06:13:18.484446+00:00,HP-001,ollama,llama3.2:3b,3B,default,2048,0.2,0.8,4,E006,coding,2,success,0.2061,28.9439,13.8198,9.2906,,26.0,,,,,,data/raw_outputs/hp001_balanced_top8_30prompts_v1/T-00958C6D494E.txt,
hp001_balanced_top8_30prompts_v1,T-38FFC7F041C6,2026-06-10T06:13:34.859795+00:00,HP-001,ollama,llama3.2:3b,3B,default,2048,0.2,0.8,4,E006,coding,3,success,0.2272,28.8851,15.3712,9.339,,27.4,,,,,,data/raw_outputs/hp001_balanced_top8_30prompts_v1/T-38FFC7F041C6.txt,
hp001_balanced_top8_30prompts_v1,T-F03E7E87A65A,2026-06-10T06:13:45.809039+00:00,HP-001,ollama,llama3.2:3b,3B,default,2048,0.2,0.8,4,E007,linux_commands,1,success,0.2791,28.7692,9.9412,9.067,,25.3,,,,,,data/raw_outputs/hp001_balanced_top8_30prompts_v1/T-F03E7E87A65A.txt,
hp001_balanced_top8_30prompts_v1,T-F0B94AA9B7ED,2026-06-10T06:13:58.409944+00:00,HP-001,ollama,llama3.2:3b,3B,default,2048,0.2,0.8,4,E007,linux_commands,2,success,0.2184,28.8826,11.5987,8.7738,,24.3,,,,,,data/raw_outputs/hp001_balanced_top8_30prompts_v1/T-F0B94AA9B7ED.txt,
hp001_balanced_top8_30prompts_v1,T-F364B5D3CBB5,2026-06-10T06:14:09.629833+00:00,HP-001,ollama,llama3.2:3b,3B,default,2048,0.2,0.8,4,E007,linux_commands,3,success,0.2044,29.0825,10.2123,8.7797,,24.5,,,,,,data/raw_outputs/hp001_balanced_top8_30prompts_v1/T-F364B5D3CBB5.txt,
hp001_balanced_top8_30prompts_v1,T-52C2F2A7D86C,2026-06-10T06:14:19.593499+00:00,HP-001,ollama,llama3.2:3b,3B,default,2048,0.2,0.8,4,E008,linux_commands,1,success,0.3278,28.4671,8.9577,8.7759,,39.0,,,,,,data/raw_outputs/hp001_balanced_top8_30prompts_v1/T-52C2F2A7D86C.txt,
hp001_balanced_top8_30prompts_v1,T-714AE4427B2E,2026-06-10T06:14:29.951847+00:00,HP-001,ollama,llama3.2:3b,3B,default,2048,0.2,0.8,4,E008,linux_commands,2,success,0.2041,28.9785,9.3518,8.7723,,26.0,,,,,,data/raw_outputs/hp001_balanced_top8_30prompts_v1/T-714AE4427B2E.txt,
hp001_balanced_top8_30prompts_v1,T-416054A49450,2026-06-10T06:14:38.976943+00:00,HP-001,ollama,llama3.2:3b,3B,default,2048,0.2,0.8,4,E008,linux_commands,3,success,0.2208,28.8133,8.0171,8.7575,,23.5,,,,,,data/raw_outputs/hp001_balanced_top8_30prompts_v1/T-416054A49450.txt,
hp001_balanced_top8_30prompts_v1,T-FB74D1F60A53,2026-06-10T06:14:53.984024+00:00,HP-001,ollama,llama3.2:3b,3B,default,2048,0.2,0.8,4,E009,linux_commands,1,success,0.2962,28.7088,14.0027,8.7674,,25.5,,,,,,data/raw_outputs/hp001_balanced_top8_30prompts_v1/T-FB74D1F60A53.txt,
hp001_balanced_top8_30prompts_v1,T-8CC65A85D1B0,2026-06-10T06:15:09.273192+00:00,HP-001,ollama,llama3.2:3b,3B,default,2048,0.2,0.8,4,E009,linux_commands,2,success,0.2123,28.426,14.2827,8.5335,,60.6,,,,,,data/raw_outputs/hp001_balanced_top8_30prompts_v1/T-8CC65A85D1B0.txt,
hp001_balanced_top8_30prompts_v1,T-833311F5549D,2026-06-10T06:15:23.250205+00:00,HP-001,ollama,llama3.2:3b,3B,default,2048,0.2,0.8,4,E009,linux_commands,3,success,0.2135,27.8241,12.9744,8.6279,,49.5,,,,,,data/raw_outputs/hp001_balanced_top8_30prompts_v1/T-833311F5549D.txt,
hp001_balanced_top8_30prompts_v1,T-A49B6870DE7E,2026-06-10T06:15:43.137113+00:00,HP-001,ollama,llama3.2:3b,3B,default,2048,0.2,0.8,4,E010,debugging,1,success,0.3196,27.1249,18.8756,8.7009,,52.0,,,,,,data/raw_outputs/hp001_balanced_top8_30prompts_v1/T-A49B6870DE7E.txt,
hp001_balanced_top8_30prompts_v1,T-A766389EDAEB,2026-06-10T06:16:03.017587+00:00,HP-001,ollama,llama3.2:3b,3B,default,2048,0.2,0.8,4,E010,debugging,2,success,0.2202,27.1344,18.869,8.8548,,63.9,,,,,,data/raw_outputs/hp001_balanced_top8_30prompts_v1/T-A766389EDAEB.txt,
hp001_balanced_top8_30prompts_v1,T-89A453822DF4,2026-06-10T06:16:21.364677+00:00,HP-001,ollama,llama3.2:3b,3B,default,2048,0.2,0.8,4,E010,debugging,3,success,0.2266,27.4539,17.3382,8.7625,,34.7,,,,,,data/raw_outputs/hp001_balanced_top8_30prompts_v1/T-89A453822DF4.txt,
hp001_balanced_top8_30prompts_v1,T-3274B2CAF667,2026-06-10T06:16:41.111503+00:00,HP-001,ollama,llama3.2:3b,3B,default,2048,0.2,0.8,4,E011,debugging,1,success,0.3288,27.3258,18.7368,8.7562,,37.0,,,,,,data/raw_outputs/hp001_balanced_top8_30prompts_v1/T-3274B2CAF667.txt,
hp001_balanced_top8_30prompts_v1,T-EA5C21CD5950,2026-06-10T06:17:00.822023+00:00,HP-001,ollama,llama3.2:3b,3B,default,2048,0.2,0.8,4,E011,debugging,2,success,0.2171,27.3757,18.7027,8.7538,,34.9,,,,,,data/raw_outputs/hp001_balanced_top8_30prompts_v1/T-EA5C21CD5950.txt,
hp001_balanced_top8_30prompts_v1,T-58ABD062B2AC,2026-06-10T06:17:20.448535+00:00,HP-001,ollama,llama3.2:3b,3B,default,2048,0.2,0.8,4,E011,debugging,3,success,0.2207,27.5021,18.6168,8.7662,,36.6,,,,,,data/raw_outputs/hp001_balanced_top8_30prompts_v1/T-58ABD062B2AC.txt,
hp001_balanced_top8_30prompts_v1,T-0CF2847A003F,2026-06-10T06:17:39.885150+00:00,HP-001,ollama,llama3.2:3b,3B,default,2048,0.2,0.8,4,E012,debugging,1,success,0.3362,26.754,18.4271,8.866,,35.7,,,,,,data/raw_outputs/hp001_balanced_top8_30prompts_v1/T-0CF2847A003F.txt,
hp001_balanced_top8_30prompts_v1,T-AA13EBB73B3C,2026-06-10T06:17:59.413655+00:00,HP-001,ollama,llama3.2:3b,3B,default,2048,0.2,0.8,4,E012,debugging,2,success,0.2242,27.6457,18.5201,8.7941,,35.2,,,,,,data/raw_outputs/hp001_balanced_top8_30prompts_v1/T-AA13EBB73B3C.txt,
hp001_balanced_top8_30prompts_v1,T-C5E9A252AA70,2026-06-10T06:18:18.709597+00:00,HP-001,ollama,llama3.2:3b,3B,default,2048,0.2,0.8,4,E012,debugging,3,success,0.2268,27.6078,18.2919,8.8075,,49.1,,,,,,data/raw_outputs/hp001_balanced_top8_30prompts_v1/T-C5E9A252AA70.txt,
hp001_balanced_top8_30prompts_v1,T-82FE7E8ACBC1,2026-06-10T06:18:30.912423+00:00,HP-001,ollama,llama3.2:3b,3B,default,2048,0.2,0.8,4,E013,summarization,1,success,0.3319,27.6038,11.1941,8.8082,,30.9,,,,,,data/raw_outputs/hp001_balanced_top8_30prompts_v1/T-82FE7E8ACBC1.txt,
hp001_balanced_top8_30prompts_v1,T-20189FF4203E,2026-06-10T06:18:43.933186+00:00,HP-001,ollama,llama3.2:3b,3B,default,2048,0.2,0.8,4,E013,summarization,2,success,0.2207,28.7983,12.0146,8.7603,,30.1,,,,,,data/raw_outputs/hp001_balanced_top8_30prompts_v1/T-20189FF4203E.txt,
hp001_balanced_top8_30prompts_v1,T-872F9D6028ED,2026-06-10T06:18:57.569937+00:00,HP-001,ollama,llama3.2:3b,3B,default,2048,0.2,0.8,4,E013,summarization,3,success,0.2248,28.5938,12.6251,8.7912,,26.4,,,,,,data/raw_outputs/hp001_balanced_top8_30prompts_v1/T-872F9D6028ED.txt,
hp001_balanced_top8_30prompts_v1,T-41984A012202,2026-06-10T06:19:08.584814+00:00,HP-001,ollama,llama3.2:3b,3B,default,2048,0.2,0.8,4,E014,summarization,1,success,0.3009,28.5832,10.0059,8.7975,,38.8,,,,,,data/raw_outputs/hp001_balanced_top8_30prompts_v1/T-41984A012202.txt,
hp001_balanced_top8_30prompts_v1,T-4997CF7FFAD1,2026-06-10T06:19:18.741919+00:00,HP-001,ollama,llama3.2:3b,3B,default,2048,0.2,0.8,4,E014,summarization,2,success,0.2169,28.6385,9.1485,8.8017,,31.1,,,,,,data/raw_outputs/hp001_balanced_top8_30prompts_v1/T-4997CF7FFAD1.txt,
hp001_balanced_top8_30prompts_v1,T-31BD88D8BE03,2026-06-10T06:19:29.266319+00:00,HP-001,ollama,llama3.2:3b,3B,default,2048,0.2,0.8,4,E014,summarization,3,success,0.2223,28.2614,9.5183,8.8005,,65.2,,,,,,data/raw_outputs/hp001_balanced_top8_30prompts_v1/T-31BD88D8BE03.txt,
hp001_balanced_top8_30prompts_v1,T-B1F19D6F7F84,2026-06-10T06:19:35.528499+00:00,HP-001,ollama,llama3.2:3b,3B,default,2048,0.2,0.8,4,E015,summarization,1,success,0.3348,27.9787,5.254,8.7976,,25.5,,,,,,data/raw_outputs/hp001_balanced_top8_30prompts_v1/T-B1F19D6F7F84.txt,
hp001_balanced_top8_30prompts_v1,T-5A1C4CEBA6D5,2026-06-10T06:19:41.309410+00:00,HP-001,ollama,llama3.2:3b,3B,default,2048,0.2,0.8,4,E015,summarization,2,success,0.2003,28.7255,4.7693,8.7978,,31.1,,,,,,data/raw_outputs/hp001_balanced_top8_30prompts_v1/T-5A1C4CEBA6D5.txt,
hp001_balanced_top8_30prompts_v1,T-F001BADA5B07,2026-06-10T06:19:47.219793+00:00,HP-001,ollama,llama3.2:3b,3B,default,2048,0.2,0.8,4,E015,summarization,3,success,0.2175,28.9807,4.8998,8.797,,23.9,,,,,,data/raw_outputs/hp001_balanced_top8_30prompts_v1/T-F001BADA5B07.txt,
hp001_balanced_top8_30prompts_v1,T-3EA1BC7B9779,2026-06-10T06:20:02.030604+00:00,HP-001,ollama,llama3.2:3b,3B,default,2048,0.2,0.8,4,E016,reasoning,1,success,0.3117,28.539,13.8057,8.8106,,27.5,,,,,,data/raw_outputs/hp001_balanced_top8_30prompts_v1/T-3EA1BC7B9779.txt,
hp001_balanced_top8_30prompts_v1,T-2C8DB27D4A07,2026-06-10T06:20:19.143989+00:00,HP-001,ollama,llama3.2:3b,3B,default,2048,0.2,0.8,4,E016,reasoning,2,success,0.2113,29.0033,16.1016,8.8231,,61.0,,,,,,data/raw_outputs/hp001_balanced_top8_30prompts_v1/T-2C8DB27D4A07.txt,
hp001_balanced_top8_30prompts_v1,T-E4AF54A78A9D,2026-06-10T06:35:03.332125+00:00,HP-001,ollama,llama3.2:3b,3B,default,2048,0.2,0.8,4,E016,reasoning,3,success,0.1997,21.8451,20.4165,8.8777,,75.7,,,,,,data/raw_outputs/hp001_balanced_top8_30prompts_v1/T-E4AF54A78A9D.txt,
hp001_balanced_top8_30prompts_v1,T-0322D78BEB58,2026-06-10T06:35:17.302571+00:00,HP-001,ollama,llama3.2:3b,3B,default,2048,0.2,0.8,4,E017,reasoning,1,success,0.3899,31.9212,12.9694,8.8784,,36.0,,,,,,data/raw_outputs/hp001_balanced_top8_30prompts_v1/T-0322D78BEB58.txt,
hp001_balanced_top8_30prompts_v1,T-0AC813B1DDDD,2026-06-10T06:35:31.714288+00:00,HP-001,ollama,llama3.2:3b,3B,default,2048,0.2,0.8,4,E017,reasoning,2,success,0.1963,37.1412,13.4083,9.1288,,59.6,,,,,,data/raw_outputs/hp001_balanced_top8_30prompts_v1/T-0AC813B1DDDD.txt,
hp001_balanced_top8_30prompts_v1,T-FC558B46617B,2026-06-10T06:35:40.877550+00:00,HP-001,ollama,llama3.2:3b,3B,default,2048,0.2,0.8,4,E017,reasoning,3,success,0.184,41.68,8.1574,8.8668,,43.3,,,,,,data/raw_outputs/hp001_balanced_top8_30prompts_v1/T-FC558B46617B.txt,
hp001_balanced_top8_30prompts_v1,T-A3EF7B7AB640,2026-06-10T06:35:53.002600+00:00,HP-001,ollama,llama3.2:3b,3B,default,2048,0.2,0.8,4,E018,reasoning,1,success,0.2534,41.8117,11.1213,8.5871,,21.6,,,,,,data/raw_outputs/hp001_balanced_top8_30prompts_v1/T-A3EF7B7AB640.txt,
hp001_balanced_top8_30prompts_v1,T-5E737CE5A76E,2026-06-10T06:36:04.825926+00:00,HP-001,ollama,llama3.2:3b,3B,default,2048,0.2,0.8,4,E018,reasoning,2,success,0.1975,40.5807,10.818,8.5839,,87.9,,,,,,data/raw_outputs/hp001_balanced_top8_30prompts_v1/T-5E737CE5A76E.txt,
hp001_balanced_top8_30prompts_v1,T-A5E6CC2FD923,2026-06-10T06:36:16.094868+00:00,HP-001,ollama,llama3.2:3b,3B,default,2048,0.2,0.8,4,E018,reasoning,3,success,0.1871,41.2186,10.2624,8.4808,,28.6,,,,,,data/raw_outputs/hp001_balanced_top8_30prompts_v1/T-A5E6CC2FD923.txt,
hp001_balanced_top8_30prompts_v1,T-D8E02DEC6B83,2026-06-10T06:36:26.414580+00:00,HP-001,ollama,llama3.2:3b,3B,default,2048,0.2,0.8,4,E019,planning,1,success,0.2577,41.3357,9.314,8.4847,,22.5,,,,,,data/raw_outputs/hp001_balanced_top8_30prompts_v1/T-D8E02DEC6B83.txt,
hp001_balanced_top8_30prompts_v1,T-9863C0BF521A,2026-06-10T06:36:38.190615+00:00,HP-001,ollama,llama3.2:3b,3B,default,2048,0.2,0.8,4,E019,planning,2,success,0.1963,39.2725,10.7709,8.8086,,66.3,,,,,,data/raw_outputs/hp001_balanced_top8_30prompts_v1/T-9863C0BF521A.txt,
hp001_balanced_top8_30prompts_v1,T-D5D117B3B23E,2026-06-10T06:36:54.172774+00:00,HP-001,ollama,llama3.2:3b,3B,default,2048,0.2,0.8,4,E019,planning,3,success,0.2314,30.7784,14.9781,8.5016,,26.6,,,,,,data/raw_outputs/hp001_balanced_top8_30prompts_v1/T-D5D117B3B23E.txt,
hp001_balanced_top8_30prompts_v1,T-42F07A393AF4,2026-06-10T06:37:11.890119+00:00,HP-001,ollama,llama3.2:3b,3B,default,2048,0.2,0.8,4,E020,planning,1,success,0.3264,30.6364,16.7121,8.4504,,27.1,,,,,,data/raw_outputs/hp001_balanced_top8_30prompts_v1/T-42F07A393AF4.txt,
hp001_balanced_top8_30prompts_v1,T-0877922B400C,2026-06-10T06:37:29.423873+00:00,HP-001,ollama,llama3.2:3b,3B,default,2048,0.2,0.8,4,E020,planning,2,success,0.2279,30.9785,16.5276,8.4647,,26.4,,,,,,data/raw_outputs/hp001_balanced_top8_30prompts_v1/T-0877922B400C.txt,
hp001_balanced_top8_30prompts_v1,T-815C12040AE3,2026-06-10T06:37:47.022634+00:00,HP-001,ollama,llama3.2:3b,3B,default,2048,0.2,0.8,4,E020,planning,3,success,0.224,30.8528,16.5949,8.4966,,26.4,,,,,,data/raw_outputs/hp001_balanced_top8_30prompts_v1/T-815C12040AE3.txt,
hp001_balanced_top8_30prompts_v1,T-C81B82B2C106,2026-06-10T06:38:04.757198+00:00,HP-001,ollama,llama3.2:3b,3B,default,2048,0.2,0.8,4,E021,planning,1,success,0.3302,30.5984,16.7329,8.5173,,24.3,,,,,,data/raw_outputs/hp001_balanced_top8_30prompts_v1/T-C81B82B2C106.txt,
hp001_balanced_top8_30prompts_v1,T-72C3B4BBF95A,2026-06-10T06:38:21.487948+00:00,HP-001,ollama,llama3.2:3b,3B,default,2048,0.2,0.8,4,E021,planning,2,success,0.2274,30.7144,15.7255,8.5201,,30.8,,,,,,data/raw_outputs/hp001_balanced_top8_30prompts_v1/T-72C3B4BBF95A.txt,
hp001_balanced_top8_30prompts_v1,T-492C62CFF64E,2026-06-10T06:38:39.284371+00:00,HP-001,ollama,llama3.2:3b,3B,default,2048,0.2,0.8,4,E021,planning,3,success,0.2286,30.4949,16.7897,8.5601,,29.4,,,,,,data/raw_outputs/hp001_balanced_top8_30prompts_v1/T-492C62CFF64E.txt,
hp001_balanced_top8_30prompts_v1,T-AAFA9941BF91,2026-06-10T06:38:41.374161+00:00,HP-001,ollama,llama3.2:3b,3B,default,2048,0.2,0.8,4,E022,safety_refusal,1,success,0.3189,22.0661,1.0876,8.546,,23.3,,,,,,data/raw_outputs/hp001_balanced_top8_30prompts_v1/T-AAFA9941BF91.txt,
hp001_balanced_top8_30prompts_v1,T-6991620BEFF9,2026-06-10T06:38:43.373669+00:00,HP-001,ollama,llama3.2:3b,3B,default,2048,0.2,0.8,4,E022,safety_refusal,2,success,0.2232,24.1773,0.9927,8.5373,,23.7,,,,,,data/raw_outputs/hp001_balanced_top8_30prompts_v1/T-6991620BEFF9.txt,
hp001_balanced_top8_30prompts_v1,T-06732917F366,2026-06-10T06:38:45.341259+00:00,HP-001,ollama,llama3.2:3b,3B,default,2048,0.2,0.8,4,E022,safety_refusal,3,success,0.2246,23.9413,0.9607,8.5475,,26.5,,,,,,data/raw_outputs/hp001_balanced_top8_30prompts_v1/T-06732917F366.txt,
hp001_balanced_top8_30prompts_v1,T-059228D6D462,2026-06-10T06:38:53.271194+00:00,HP-001,ollama,llama3.2:3b,3B,default,2048,0.2,0.8,4,E023,safety_refusal,1,success,0.3257,30.1903,6.9227,8.5278,,28.7,,,,,,data/raw_outputs/hp001_balanced_top8_30prompts_v1/T-059228D6D462.txt,
hp001_balanced_top8_30prompts_v1,T-38F74D332E98,2026-06-10T06:39:02.572840+00:00,HP-001,ollama,llama3.2:3b,3B,default,2048,0.2,0.8,4,E023,safety_refusal,2,success,0.2268,30.7412,8.2951,8.537,,25.9,,,,,,data/raw_outputs/hp001_balanced_top8_30prompts_v1/T-38F74D332E98.txt,
hp001_balanced_top8_30prompts_v1,T-80515972FD3A,2026-06-10T06:39:10.355735+00:00,HP-001,ollama,llama3.2:3b,3B,default,2048,0.2,0.8,4,E023,safety_refusal,3,success,0.2153,30.9897,6.7765,8.5406,,20.2,,,,,,data/raw_outputs/hp001_balanced_top8_30prompts_v1/T-80515972FD3A.txt,
hp001_balanced_top8_30prompts_v1,T-0C56B983CF07,2026-06-10T06:39:25.956222+00:00,HP-001,ollama,llama3.2:3b,3B,default,2048,0.2,0.8,4,E024,safety_refusal,1,success,0.3286,30.4239,14.5938,8.5547,,28.3,,,,,,data/raw_outputs/hp001_balanced_top8_30prompts_v1/T-0C56B983CF07.txt,
hp001_balanced_top8_30prompts_v1,T-6BD61D22AB49,2026-06-10T06:39:42.273249+00:00,HP-001,ollama,llama3.2:3b,3B,default,2048,0.2,0.8,4,E024,safety_refusal,2,success,0.2308,30.8289,15.3103,8.559,,40.2,,,,,,data/raw_outputs/hp001_balanced_top8_30prompts_v1/T-6BD61D22AB49.txt,
hp001_balanced_top8_30prompts_v1,T-D6DE8A4823E2,2026-06-10T06:39:52.439307+00:00,HP-001,ollama,llama3.2:3b,3B,default,2048,0.2,0.8,4,E024,safety_refusal,3,success,0.2212,30.6822,9.1584,8.5412,,30.5,,,,,,data/raw_outputs/hp001_balanced_top8_30prompts_v1/T-D6DE8A4823E2.txt,
hp001_balanced_top8_30prompts_v1,T-BA370696BF4B,2026-06-10T06:40:10.039428+00:00,HP-001,ollama,llama3.2:3b,3B,default,2048,0.2,0.8,4,E025,local_assistant_tasks,1,success,0.3322,30.8555,16.5935,8.5072,,25.0,,,,,,data/raw_outputs/hp001_balanced_top8_30prompts_v1/T-BA370696BF4B.txt,
hp001_balanced_top8_30prompts_v1,T-2EB6663391F2,2026-06-10T06:40:27.823006+00:00,HP-001,ollama,llama3.2:3b,3B,default,2048,0.2,0.8,4,E025,local_assistant_tasks,2,success,0.2287,30.519,16.7765,8.4704,,67.3,,,,,,data/raw_outputs/hp001_balanced_top8_30prompts_v1/T-2EB6663391F2.txt,
hp001_balanced_top8_30prompts_v1,T-56D87E564E04,2026-06-10T06:40:45.773725+00:00,HP-001,ollama,llama3.2:3b,3B,default,2048,0.2,0.8,4,E025,local_assistant_tasks,3,success,0.2406,30.217,16.9441,8.366,,36.8,,,,,,data/raw_outputs/hp001_balanced_top8_30prompts_v1/T-56D87E564E04.txt,
hp001_balanced_top8_30prompts_v1,T-C71ED8D4960D,2026-06-10T06:41:00.805837+00:00,HP-001,ollama,llama3.2:3b,3B,default,2048,0.2,0.8,4,E026,local_assistant_tasks,1,success,0.3315,29.8769,14.0242,8.3054,,27.2,,,,,,data/raw_outputs/hp001_balanced_top8_30prompts_v1/T-C71ED8D4960D.txt,
hp001_balanced_top8_30prompts_v1,T-C2E95C372104,2026-06-10T06:41:11.073339+00:00,HP-001,ollama,llama3.2:3b,3B,default,2048,0.2,0.8,4,E026,local_assistant_tasks,2,success,0.2253,29.6791,9.2658,8.2575,,39.0,,,,,,data/raw_outputs/hp001_balanced_top8_30prompts_v1/T-C2E95C372104.txt,
hp001_balanced_top8_30prompts_v1,T-26FCFC566F86,2026-06-10T06:41:22.339912+00:00,HP-001,ollama,llama3.2:3b,3B,default,2048,0.2,0.8,4,E026,local_assistant_tasks,3,success,0.2208,29.4247,10.2635,8.2523,,27.8,,,,,,data/raw_outputs/hp001_balanced_top8_30prompts_v1/T-26FCFC566F86.txt,
hp001_balanced_top8_30prompts_v1,T-274D7942BFD3,2026-06-10T06:41:34.806792+00:00,HP-001,ollama,llama3.2:3b,3B,default,2048,0.2,0.8,4,E027,local_assistant_tasks,1,success,0.3244,29.4812,11.4649,8.2689,,29.5,,,,,,data/raw_outputs/hp001_balanced_top8_30prompts_v1/T-274D7942BFD3.txt,
hp001_balanced_top8_30prompts_v1,T-D5281160EF2C,2026-06-10T06:41:47.325362+00:00,HP-001,ollama,llama3.2:3b,3B,default,2048,0.2,0.8,4,E027,local_assistant_tasks,2,success,0.2182,29.2728,11.5124,8.237,,61.2,,,,,,data/raw_outputs/hp001_balanced_top8_30prompts_v1/T-D5281160EF2C.txt,
hp001_balanced_top8_30prompts_v1,T-58EF45D72092,2026-06-10T06:42:05.664053+00:00,HP-001,ollama,llama3.2:3b,3B,default,2048,0.2,0.8,4,E027,local_assistant_tasks,3,success,0.23,29.5343,17.3358,8.1801,,27.9,,,,,,data/raw_outputs/hp001_balanced_top8_30prompts_v1/T-58EF45D72092.txt,
hp001_balanced_top8_30prompts_v1,T-860B565D043D,2026-06-10T06:42:18.180577+00:00,HP-001,ollama,llama3.2:3b,3B,default,2048,0.2,0.8,4,E028,command_explanation,1,success,0.327,29.031,11.5049,8.2131,,25.9,,,,,,data/raw_outputs/hp001_balanced_top8_30prompts_v1/T-860B565D043D.txt,
hp001_balanced_top8_30prompts_v1,T-D919CD1B2672,2026-06-10T06:42:31.054861+00:00,HP-001,ollama,llama3.2:3b,3B,default,2048,0.2,0.8,4,E028,command_explanation,2,success,0.2162,29.3265,11.8664,8.2003,,24.3,,,,,,data/raw_outputs/hp001_balanced_top8_30prompts_v1/T-D919CD1B2672.txt,
hp001_balanced_top8_30prompts_v1,T-C6812FC416A6,2026-06-10T06:42:43.047047+00:00,HP-001,ollama,llama3.2:3b,3B,default,2048,0.2,0.8,4,E028,command_explanation,3,success,0.2225,29.4169,10.9801,8.2001,,27.7,,,,,,data/raw_outputs/hp001_balanced_top8_30prompts_v1/T-C6812FC416A6.txt,
hp001_balanced_top8_30prompts_v1,T-7F3F74650343,2026-06-10T06:43:01.463320+00:00,HP-001,ollama,llama3.2:3b,3B,default,2048,0.2,0.8,4,E029,command_explanation,1,success,0.3096,29.302,17.4049,8.155,,25.9,,,,,,data/raw_outputs/hp001_balanced_top8_30prompts_v1/T-7F3F74650343.txt,
hp001_balanced_top8_30prompts_v1,T-1E139AF2689D,2026-06-10T06:43:19.530065+00:00,HP-001,ollama,llama3.2:3b,3B,default,2048,0.2,0.8,4,E029,command_explanation,2,success,0.2203,29.4314,17.0566,8.1468,,45.7,,,,,,data/raw_outputs/hp001_balanced_top8_30prompts_v1/T-1E139AF2689D.txt,
hp001_balanced_top8_30prompts_v1,T-EEC3AEB8A529,2026-06-10T06:43:35.330407+00:00,HP-001,ollama,llama3.2:3b,3B,default,2048,0.2,0.8,4,E029,command_explanation,3,success,0.231,29.4699,14.7948,8.1378,,32.7,,,,,,data/raw_outputs/hp001_balanced_top8_30prompts_v1/T-EEC3AEB8A529.txt,
hp001_balanced_top8_30prompts_v1,T-B5B34DA18AC6,2026-06-10T06:43:50.475040+00:00,HP-001,ollama,llama3.2:3b,3B,default,2048,0.2,0.8,4,E030,command_explanation,1,success,0.2982,29.2927,14.1332,8.1537,,21.6,,,,,,data/raw_outputs/hp001_balanced_top8_30prompts_v1/T-B5B34DA18AC6.txt,
hp001_balanced_top8_30prompts_v1,T-3514E1CD1E88,2026-06-10T06:44:07.590286+00:00,HP-001,ollama,llama3.2:3b,3B,default,2048,0.2,0.8,4,E030,command_explanation,2,success,0.2206,29.4325,16.1046,8.1705,,24.8,,,,,,data/raw_outputs/hp001_balanced_top8_30prompts_v1/T-3514E1CD1E88.txt,
hp001_balanced_top8_30prompts_v1,T-A3C4379CB92F,2026-06-10T06:44:23.639590+00:00,HP-001,ollama,llama3.2:3b,3B,default,2048,0.2,0.8,4,E030,command_explanation,3,success,0.2176,29.5259,15.0377,8.166,,32.1,,,,,,data/raw_outputs/hp001_balanced_top8_30prompts_v1/T-A3C4379CB92F.txt,
hp001_balanced_top8_30prompts_v1,T-AE0D4B216184,2026-06-10T06:44:28.478431+00:00,HP-001,ollama,llama3.2:3b,3B,default,2048,0.7,0.8,4,E001,basic_explanation,1,success,0.2211,29.2227,3.8326,8.1823,,30.0,,,,,,data/raw_outputs/hp001_balanced_top8_30prompts_v1/T-AE0D4B216184.txt,
hp001_balanced_top8_30prompts_v1,T-D7D6E99ACC23,2026-06-10T06:44:33.885190+00:00,HP-001,ollama,llama3.2:3b,3B,default,2048,0.7,0.8,4,E001,basic_explanation,2,success,0.2142,29.322,4.3994,8.1831,,24.5,,,,,,data/raw_outputs/hp001_balanced_top8_30prompts_v1/T-D7D6E99ACC23.txt,
hp001_balanced_top8_30prompts_v1,T-123A1160FDE2,2026-06-10T06:44:39.062565+00:00,HP-001,ollama,llama3.2:3b,3B,default,2048,0.7,0.8,4,E001,basic_explanation,3,success,0.2309,29.0141,4.1704,8.1914,,25.5,,,,,,data/raw_outputs/hp001_balanced_top8_30prompts_v1/T-123A1160FDE2.txt,
hp001_balanced_top8_30prompts_v1,T-24528CBF8CBF,2026-06-10T06:44:57.566369+00:00,HP-001,ollama,llama3.2:3b,3B,default,2048,0.7,0.8,4,E002,basic_explanation,1,success,0.309,29.2051,17.497,8.1948,,26.3,,,,,,data/raw_outputs/hp001_balanced_top8_30prompts_v1/T-24528CBF8CBF.txt,
hp001_balanced_top8_30prompts_v1,T-389D4602B63C,2026-06-10T06:45:15.843570+00:00,HP-001,ollama,llama3.2:3b,3B,default,2048,0.7,0.8,4,E002,basic_explanation,2,success,0.218,29.1925,17.2647,8.1935,,26.7,,,,,,data/raw_outputs/hp001_balanced_top8_30prompts_v1/T-389D4602B63C.txt,
hp001_balanced_top8_30prompts_v1,T-A05F2FD49753,2026-06-10T06:45:34.494516+00:00,HP-001,ollama,llama3.2:3b,3B,default,2048,0.7,0.8,4,E002,basic_explanation,3,success,0.2241,29.0209,17.6425,8.1839,,45.7,,,,,,data/raw_outputs/hp001_balanced_top8_30prompts_v1/T-A05F2FD49753.txt,
hp001_balanced_top8_30prompts_v1,T-54ECF119C883,2026-06-10T06:45:53.294698+00:00,HP-001,ollama,llama3.2:3b,3B,default,2048,0.7,0.8,4,E003,basic_explanation,1,success,0.3287,28.7768,17.7921,8.0422,,26.5,,,,,,data/raw_outputs/hp001_balanced_top8_30prompts_v1/T-54ECF119C883.txt,
hp001_balanced_top8_30prompts_v1,T-8FE3EA0365FC,2026-06-10T06:46:11.960483+00:00,HP-001,ollama,llama3.2:3b,3B,default,2048,0.7,0.8,4,E003,basic_explanation,2,success,0.2141,28.9974,17.6568,8.0218,,29.5,,,,,,data/raw_outputs/hp001_balanced_top8_30prompts_v1/T-8FE3EA0365FC.txt,
hp001_balanced_top8_30prompts_v1,T-C5C3C693150B,2026-06-10T06:46:31.052523+00:00,HP-001,ollama,llama3.2:3b,3B,default,2048,0.7,0.8,4,E003,basic_explanation,3,success,0.2259,28.3153,18.0821,8.0024,,29.1,,,,,,data/raw_outputs/hp001_balanced_top8_30prompts_v1/T-C5C3C693150B.txt,
hp001_balanced_top8_30prompts_v1,T-97C837319C5D,2026-06-10T06:46:37.648274+00:00,HP-001,ollama,llama3.2:3b,3B,default,2048,0.7,0.8,4,E004,coding,1,success,0.3368,27.5875,5.5822,7.9841,,41.8,,,,,,data/raw_outputs/hp001_balanced_top8_30prompts_v1/T-97C837319C5D.txt,
hp001_balanced_top8_30prompts_v1,T-AF6C192602C1,2026-06-10T06:46:43.385356+00:00,HP-001,ollama,llama3.2:3b,3B,default,2048,0.7,0.8,4,E004,coding,2,success,0.2167,28.7304,4.7337,7.9623,,24.3,,,,,,data/raw_outputs/hp001_balanced_top8_30prompts_v1/T-AF6C192602C1.txt,
hp001_balanced_top8_30prompts_v1,T-422D2692D80B,2026-06-10T06:46:50.054082+00:00,HP-001,ollama,llama3.2:3b,3B,default,2048,0.7,0.8,4,E004,coding,3,success,0.2019,28.2529,5.6631,7.9738,,80.6,,,,,,data/raw_outputs/hp001_balanced_top8_30prompts_v1/T-422D2692D80B.txt,
hp001_balanced_top8_30prompts_v1,T-810E421D0AFD,2026-06-10T06:49:30.362078+00:00,HP-001,ollama,llama3.2:3b,3B,default,2048,0.7,0.8,4,E005,coding,1,success,0.2773,30.0275,5.7614,7.7984,,46.8,,,,,,data/raw_outputs/hp001_balanced_top8_30prompts_v1/T-810E421D0AFD.txt,
hp001_balanced_top8_30prompts_v1,T-1C378AFFF5BE,2026-06-10T06:49:36.404175+00:00,HP-001,ollama,llama3.2:3b,3B,default,2048,0.7,0.8,4,E005,coding,2,success,0.2327,12.6993,5.0396,7.779,,31.2,,,,,,data/raw_outputs/hp001_balanced_top8_30prompts_v1/T-1C378AFFF5BE.txt,
hp001_balanced_top8_30prompts_v1,T-FC98144EF3D3,2026-06-10T06:49:56.635615+00:00,HP-001,ollama,llama3.2:3b,3B,default,2048,0.7,0.8,4,E005,coding,3,success,0.1917,15.186,19.2283,7.7567,,22.9,,,,,,data/raw_outputs/hp001_balanced_top8_30prompts_v1/T-FC98144EF3D3.txt,
hp001_balanced_top8_30prompts_v1,T-F24B8AA9273F,2026-06-10T06:55:21.152731+00:00,HP-001,ollama,llama3.2:3b,3B,default,2048,0.7,0.8,4,E006,coding,1,success,0.3261,14.8425,34.4955,7.8216,,57.9,,,,,,data/raw_outputs/hp001_balanced_top8_30prompts_v1/T-F24B8AA9273F.txt,
hp001_balanced_top8_30prompts_v1,T-A289A97168B5,2026-06-10T06:55:49.006424+00:00,HP-001,ollama,llama3.2:3b,3B,default,2048,0.7,0.8,4,E006,coding,2,success,0.2085,15.0887,26.8413,7.7774,,28.0,,,,,,data/raw_outputs/hp001_balanced_top8_30prompts_v1/T-A289A97168B5.txt,
hp001_balanced_top8_30prompts_v1,T-6C07E65294E5,2026-06-10T07:00:36.928687+00:00,HP-001,ollama,llama3.2:3b,3B,default,2048,0.7,0.8,4,E006,coding,3,success,0.2092,15.1336,33.8319,7.7995,,53.2,,,,,,data/raw_outputs/hp001_balanced_top8_30prompts_v1/T-6C07E65294E5.txt,
hp001_balanced_top8_30prompts_v1,T-0F83108CC6C0,2026-06-10T07:05:12.986638+00:00,HP-001,ollama,llama3.2:3b,3B,default,2048,0.7,0.8,4,E007,linux_commands,1,success,0.3235,14.6007,21.9853,7.8004,,63.0,,,,,,data/raw_outputs/hp001_balanced_top8_30prompts_v1/T-0F83108CC6C0.txt,
hp001_balanced_top8_30prompts_v1,T-AC231431B957,2026-06-10T07:05:32.901985+00:00,HP-001,ollama,llama3.2:3b,3B,default,2048,0.7,0.8,4,E007,linux_commands,2,success,0.1989,15.343,18.9011,7.695,,24.0,,,,,,data/raw_outputs/hp001_balanced_top8_30prompts_v1/T-AC231431B957.txt,
hp001_balanced_top8_30prompts_v1,T-9E24CA2F428B,2026-06-10T07:21:27.351766+00:00,HP-001,ollama,llama3.2:3b,3B,default,2048,0.7,0.8,4,E007,linux_commands,3,success,0.1998,14.8767,34.4163,7.7135,,65.1,,,,,,data/raw_outputs/hp001_balanced_top8_30prompts_v1/T-9E24CA2F428B.txt,
hp001_balanced_top8_30prompts_v1,T-D9C15050654A,2026-06-10T07:21:43.713270+00:00,HP-001,ollama,llama3.2:3b,3B,default,2048,0.7,0.8,4,E008,linux_commands,1,success,0.3289,14.9287,15.3396,7.6553,,28.6,,,,,,data/raw_outputs/hp001_balanced_top8_30prompts_v1/T-D9C15050654A.txt,
hp001_balanced_top8_30prompts_v1,T-62D003771FE0,2026-06-10T07:27:12.928995+00:00,HP-001,ollama,llama3.2:3b,3B,default,2048,0.7,0.8,4,E008,linux_commands,2,success,0.2031,14.9388,20.6175,7.7045,,59.8,,,,,,data/raw_outputs/hp001_balanced_top8_30prompts_v1/T-62D003771FE0.txt,
hp001_balanced_top8_30prompts_v1,T-1BA535449FAB,2026-06-10T07:27:29.170852+00:00,HP-001,ollama,llama3.2:3b,3B,default,2048,0.7,0.8,4,E008,linux_commands,3,success,0.209,15.4274,15.2326,7.6086,,28.2,,,,,,data/raw_outputs/hp001_balanced_top8_30prompts_v1/T-1BA535449FAB.txt,
hp001_balanced_top8_30prompts_v1,T-59A8109EA1A3,2026-06-10T07:27:49.486455+00:00,HP-001,ollama,llama3.2:3b,3B,default,2048,0.7,0.8,4,E009,linux_commands,1,success,0.312,15.2305,19.3033,7.6101,,32.0,,,,,,data/raw_outputs/hp001_balanced_top8_30prompts_v1/T-59A8109EA1A3.txt,
hp001_balanced_top8_30prompts_v1,T-E9430C913678,2026-06-10T07:43:50.304063+00:00,HP-001,ollama,llama3.2:3b,3B,default,2048,0.7,0.8,4,E009,linux_commands,2,success,0.2071,15.1827,18.9689,7.6545,,57.1,,,,,,data/raw_outputs/hp001_balanced_top8_30prompts_v1/T-E9430C913678.txt,
hp001_balanced_top8_30prompts_v1,T-AF675B74C24B,2026-06-10T07:44:06.678492+00:00,HP-001,ollama,llama3.2:3b,3B,default,2048,0.7,0.8,4,E009,linux_commands,3,success,0.2875,14.5163,15.362,7.6034,,60.9,,,,,,data/raw_outputs/hp001_balanced_top8_30prompts_v1/T-AF675B74C24B.txt,
hp001_balanced_top8_30prompts_v1,T-03E6C3DB319A,2026-06-10T08:01:45.474480+00:00,HP-001,ollama,llama3.2:3b,3B,default,2048,0.7,0.8,4,E010,debugging,1,success,0.3139,14.7983,33.72,7.6127,,58.4,,,,,,data/raw_outputs/hp001_balanced_top8_30prompts_v1/T-03E6C3DB319A.txt,
hp001_balanced_top8_30prompts_v1,T-514F460DAE97,2026-06-10T08:02:20.470822+00:00,HP-001,ollama,llama3.2:3b,3B,default,2048,0.7,0.8,4,E010,debugging,2,success,0.2086,15.0557,34.007,7.5507,,42.6,,,,,,data/raw_outputs/hp001_balanced_top8_30prompts_v1/T-514F460DAE97.txt,
hp001_balanced_top8_30prompts_v1,T-7330A7DFC8CD,2026-06-10T08:19:58.137763+00:00,HP-001,ollama,llama3.2:3b,3B,default,2048,0.7,0.8,4,E010,debugging,3,success,0.2207,13.1256,37.1032,7.5806,,63.4,,,,,,data/raw_outputs/hp001_balanced_top8_30prompts_v1/T-7330A7DFC8CD.txt,
hp001_balanced_top8_30prompts_v1,T-47967A8CD79E,2026-06-10T08:20:44.810810+00:00,HP-001,ollama,llama3.2:3b,3B,default,2048,0.7,0.8,4,E011,debugging,1,success,0.329,11.2135,45.6594,7.4637,,23.6,,,,,,data/raw_outputs/hp001_balanced_top8_30prompts_v1/T-47967A8CD79E.txt,
hp001_balanced_top8_30prompts_v1,T-DAC68294487E,2026-06-10T08:36:58.926675+00:00,HP-001,ollama,llama3.2:3b,3B,default,2048,0.7,0.8,4,E011,debugging,2,success,0.2024,14.6205,35.0193,7.436,,67.3,,,,,,data/raw_outputs/hp001_balanced_top8_30prompts_v1/T-DAC68294487E.txt,
hp001_balanced_top8_30prompts_v1,T-34D729C2C13D,2026-06-10T08:42:44.004717+00:00,HP-001,ollama,llama3.2:3b,3B,default,2048,0.7,0.8,4,E011,debugging,3,success,0.2125,14.9555,34.2349,7.3797,,60.7,,,,,,data/raw_outputs/hp001_balanced_top8_30prompts_v1/T-34D729C2C13D.txt,
hp001_balanced_top8_30prompts_v1,T-91C1692B7575,2026-06-10T08:43:18.982930+00:00,HP-001,ollama,llama3.2:3b,3B,default,2048,0.7,0.8,4,E012,debugging,1,success,0.3212,15.0697,33.9755,7.3847,,58.2,,,,,,data/raw_outputs/hp001_balanced_top8_30prompts_v1/T-91C1692B7575.txt,
hp001_balanced_top8_30prompts_v1,T-570245B56014,2026-06-10T08:59:00.860507+00:00,HP-001,ollama,llama3.2:3b,3B,default,2048,0.7,0.8,4,E012,debugging,2,success,0.2071,14.9373,34.2766,7.3576,,61.6,,,,,,data/raw_outputs/hp001_balanced_top8_30prompts_v1/T-570245B56014.txt,
hp001_balanced_top8_30prompts_v1,T-2EEC3732EB54,2026-06-10T09:14:56.642778+00:00,HP-001,ollama,llama3.2:3b,3B,default,2048,0.7,0.8,4,E012,debugging,3,success,0.2154,14.7059,34.8159,7.3464,,68.1,,,,,,data/raw_outputs/hp001_balanced_top8_30prompts_v1/T-2EEC3732EB54.txt,
hp001_balanced_top8_30prompts_v1,T-F11AA2DD1173,2026-06-10T09:20:27.260865+00:00,HP-001,ollama,llama3.2:3b,3B,default,2048,0.7,0.8,4,E013,summarization,1,success,0.3207,14.9209,29.6228,7.3203,,38.0,,,,,,data/raw_outputs/hp001_balanced_top8_30prompts_v1/T-F11AA2DD1173.txt,
hp001_balanced_top8_30prompts_v1,T-8AE60574F3FA,2026-06-10T09:20:48.225982+00:00,HP-001,ollama,llama3.2:3b,3B,default,2048,0.7,0.8,4,E013,summarization,2,success,0.2232,15.1316,19.9583,7.2985,,63.4,,,,,,data/raw_outputs/hp001_balanced_top8_30prompts_v1/T-8AE60574F3FA.txt,
hp001_balanced_top8_30prompts_v1,T-9B9FBBB36C0D,2026-06-10T09:21:06.636839+00:00,HP-001,ollama,llama3.2:3b,3B,default,2048,0.7,0.8,4,E013,summarization,3,success,0.2039,15.2317,17.3979,7.2758,,28.8,,,,,,data/raw_outputs/hp001_balanced_top8_30prompts_v1/T-9B9FBBB36C0D.txt,
hp001_balanced_top8_30prompts_v1,T-26C69493A7DC,2026-06-10T09:36:44.783962+00:00,HP-001,ollama,llama3.2:3b,3B,default,2048,0.7,0.8,4,E014,summarization,1,success,0.3117,14.4045,15.1342,7.2879,,61.5,,,,,,data/raw_outputs/hp001_balanced_top8_30prompts_v1/T-26C69493A7DC.txt,
hp001_balanced_top8_30prompts_v1,T-3E8EB59B526A,2026-06-10T09:37:07.642167+00:00,HP-001,ollama,llama3.2:3b,3B,default,2048,0.7,0.8,4,E014,summarization,2,success,0.2136,13.6798,21.8571,7.2667,,48.1,,,,,,data/raw_outputs/hp001_balanced_top8_30prompts_v1/T-3E8EB59B526A.txt,
hp001_balanced_top8_30prompts_v1,T-4EBC47021DDD,2026-06-10T09:37:24.932871+00:00,HP-001,ollama,llama3.2:3b,3B,default,2048,0.7,0.8,4,E014,summarization,3,success,0.199,14.124,16.2844,7.1616,,36.6,,,,,,data/raw_outputs/hp001_balanced_top8_30prompts_v1/T-4EBC47021DDD.txt,
hp001_balanced_top8_30prompts_v1,T-E5C1D18DD40C,2026-06-10T09:37:35.184519+00:00,HP-001,ollama,llama3.2:3b,3B,default,2048,0.7,0.8,4,E015,summarization,1,success,0.3144,14.8278,9.2394,7.0949,,21.5,,,,,,data/raw_outputs/hp001_balanced_top8_30prompts_v1/T-E5C1D18DD40C.txt,
hp001_balanced_top8_30prompts_v1,T-5910EB829616,2026-06-10T09:43:49.090743+00:00,HP-001,ollama,llama3.2:3b,3B,default,2048,0.7,0.8,4,E015,summarization,2,success,0.2195,14.6484,12.0832,7.2069,,62.0,,,,,,data/raw_outputs/hp001_balanced_top8_30prompts_v1/T-5910EB829616.txt,
hp001_balanced_top8_30prompts_v1,T-6C1CEF463601,2026-06-10T09:43:58.775252+00:00,HP-001,ollama,llama3.2:3b,3B,default,2048,0.7,0.8,4,E015,summarization,3,success,0.2122,15.3264,8.6778,7.1606,,24.3,,,,,,data/raw_outputs/hp001_balanced_top8_30prompts_v1/T-6C1CEF463601.txt,
hp001_balanced_top8_30prompts_v1,T-58665A980359,2026-06-10T09:59:31.562590+00:00,HP-001,ollama,llama3.2:3b,3B,default,2048,0.7,0.8,4,E016,reasoning,1,success,0.3068,14.7297,30.2111,7.2128,,59.2,,,,,,data/raw_outputs/hp001_balanced_top8_30prompts_v1/T-58665A980359.txt,
hp001_balanced_top8_30prompts_v1,T-7DE431F89164,2026-06-10T10:00:04.928206+00:00,HP-001,ollama,llama3.2:3b,3B,default,2048,0.7,0.8,4,E016,reasoning,2,success,0.2171,14.9989,32.3357,7.1995,,43.1,,,,,,data/raw_outputs/hp001_balanced_top8_30prompts_v1/T-7DE431F89164.txt,
hp001_balanced_top8_30prompts_v1,T-B8AC2A7B4A77,2026-06-10T10:15:45.686413+00:00,HP-001,ollama,llama3.2:3b,3B,default,2048,0.7,0.8,4,E016,reasoning,3,success,0.2044,14.9106,27.229,7.2052,,62.5,,,,,,data/raw_outputs/hp001_balanced_top8_30prompts_v1/T-B8AC2A7B4A77.txt,
hp001_balanced_top8_30prompts_v1,T-4ECBE5653E06,2026-06-10T10:16:12.882941+00:00,HP-001,ollama,llama3.2:3b,3B,default,2048,0.7,0.8,4,E017,reasoning,1,success,0.3185,15.1614,26.185,7.1898,,31.8,,,,,,data/raw_outputs/hp001_balanced_top8_30prompts_v1/T-4ECBE5653E06.txt,
hp001_balanced_top8_30prompts_v1,T-11905687EB35,2026-06-10T10:31:56.733409+00:00,HP-001,ollama,llama3.2:3b,3B,default,2048,0.7,0.8,4,E017,reasoning,2,success,0.2508,14.8217,22.3995,7.1497,,73.1,,,,,,data/raw_outputs/hp001_balanced_top8_30prompts_v1/T-11905687EB35.txt,
hp001_balanced_top8_30prompts_v1,T-240D5831E64C,2026-06-10T10:32:21.203812+00:00,HP-001,ollama,llama3.2:3b,3B,default,2048,0.7,0.8,4,E017,reasoning,3,success,0.2107,15.2988,23.4659,7.1515,,26.6,,,,,,data/raw_outputs/hp001_balanced_top8_30prompts_v1/T-240D5831E64C.txt,
hp001_balanced_top8_30prompts_v1,T-F819D6B2FE6D,2026-06-10T10:45:00.140472+00:00,HP-001,ollama,llama3.2:3b,3B,default,2048,0.7,0.8,4,E018,reasoning,1,success,0.3194,14.897,34.3693,7.169,,64.6,,,,,,data/raw_outputs/hp001_balanced_top8_30prompts_v1/T-F819D6B2FE6D.txt,
hp001_balanced_top8_30prompts_v1,T-EEEDBFE74D51,2026-06-10T11:01:03.116138+00:00,HP-001,ollama,llama3.2:3b,3B,default,2048,0.7,0.8,4,E018,reasoning,2,success,0.21,14.8173,26.9955,7.1592,,66.7,,,,,,data/raw_outputs/hp001_balanced_top8_30prompts_v1/T-EEEDBFE74D51.txt,
hp001_balanced_top8_30prompts_v1,T-CCB74FE0279B,2026-06-10T11:01:38.240570+00:00,HP-001,ollama,llama3.2:3b,3B,default,2048,0.7,0.8,4,E018,reasoning,3,success,0.2161,15.0058,34.1202,7.1229,,31.3,,,,,,data/raw_outputs/hp001_balanced_top8_30prompts_v1/T-CCB74FE0279B.txt,
hp001_balanced_top8_30prompts_v1,T-804F0E4B1F66,2026-06-10T11:18:25.252386+00:00,HP-001,ollama,llama3.2:3b,3B,default,2048,0.7,0.8,4,E019,planning,1,success,0.3414,14.5939,35.0831,7.1127,,56.0,,,,,,data/raw_outputs/hp001_balanced_top8_30prompts_v1/T-804F0E4B1F66.txt,
hp001_balanced_top8_30prompts_v1,T-67094ECE8977,2026-06-10T11:34:28.627254+00:00,HP-001,ollama,llama3.2:3b,3B,default,2048,0.7,0.8,4,E019,planning,2,success,0.2028,14.6254,27.4181,7.1016,,68.2,,,,,,data/raw_outputs/hp001_balanced_top8_30prompts_v1/T-67094ECE8977.txt,
hp001_balanced_top8_30prompts_v1,T-B44A5DA4FCE6,2026-06-10T11:34:59.606462+00:00,HP-001,ollama,llama3.2:3b,3B,default,2048,0.7,0.8,4,E019,planning,3,success,0.2044,15.0817,29.9701,7.0373,,61.9,,,,,,data/raw_outputs/hp001_balanced_top8_30prompts_v1/T-B44A5DA4FCE6.txt,
hp001_balanced_top8_30prompts_v1,T-0921B5DE2098,2026-06-10T11:45:50.171431+00:00,HP-001,ollama,llama3.2:3b,3B,default,2048,0.7,0.8,4,E020,planning,1,success,0.3537,15.0479,34.0248,7.0575,,63.5,,,,,,data/raw_outputs/hp001_balanced_top8_30prompts_v1/T-0921B5DE2098.txt,
hp001_balanced_top8_30prompts_v1,T-3DBA0B0BA1B3,2026-06-10T11:46:24.892739+00:00,HP-001,ollama,llama3.2:3b,3B,default,2048,0.7,0.8,4,E020,planning,2,success,0.2073,15.1893,33.7079,7.0387,,32.4,,,,,,data/raw_outputs/hp001_balanced_top8_30prompts_v1/T-3DBA0B0BA1B3.txt,
hp001_balanced_top8_30prompts_v1,T-293CA185B4F0,2026-06-10T12:03:56.237257+00:00,HP-001,ollama,llama3.2:3b,3B,default,2048,0.7,0.8,4,E020,planning,3,success,0.2032,14.6985,34.8334,7.051,,61.5,,,,,,data/raw_outputs/hp001_balanced_top8_30prompts_v1/T-293CA185B4F0.txt,
hp001_balanced_top8_30prompts_v1,T-461CE61DC2D7,2026-06-10T12:20:13.420564+00:00,HP-001,ollama,llama3.2:3b,3B,default,2048,0.7,0.8,4,E021,planning,1,success,0.3123,13.9438,36.7187,7.0461,,61.7,,,,,,data/raw_outputs/hp001_balanced_top8_30prompts_v1/T-461CE61DC2D7.txt,
hp001_balanced_top8_30prompts_v1,T-7C0322E5BFE4,2026-06-10T12:37:44.666429+00:00,HP-001,ollama,llama3.2:3b,3B,default,2048,0.7,0.8,4,E021,planning,2,success,0.2076,14.7915,34.6145,7.0077,,62.3,,,,,,data/raw_outputs/hp001_balanced_top8_30prompts_v1/T-7C0322E5BFE4.txt,
hp001_balanced_top8_30prompts_v1,T-FAF06B75AF70,2026-06-10T12:38:19.388304+00:00,HP-001,ollama,llama3.2:3b,3B,default,2048,0.7,0.8,4,E021,planning,3,success,0.202,15.1847,33.7181,6.9261,,24.3,,,,,,data/raw_outputs/hp001_balanced_top8_30prompts_v1/T-FAF06B75AF70.txt,
hp001_balanced_top8_30prompts_v1,T-8AC5C0125A46,2026-06-10T12:38:21.574673+00:00,HP-001,ollama,llama3.2:3b,3B,default,2048,0.7,0.8,4,E022,safety_refusal,1,success,0.1985,20.2725,1.1839,6.8736,,22.5,,,,,,data/raw_outputs/hp001_balanced_top8_30prompts_v1/T-8AC5C0125A46.txt,
hp001_balanced_top8_30prompts_v1,T-5C12630EA05A,2026-06-10T12:38:24.480634+00:00,HP-001,ollama,llama3.2:3b,3B,default,2048,0.7,0.8,4,E022,safety_refusal,2,success,0.2045,12.6653,1.8949,6.9061,,25.0,,,,,,data/raw_outputs/hp001_balanced_top8_30prompts_v1/T-5C12630EA05A.txt,
hp001_balanced_top8_30prompts_v1,T-4C5FB5448FAD,2026-06-10T12:38:26.696012+00:00,HP-001,ollama,llama3.2:3b,3B,default,2048,0.7,0.8,4,E022,safety_refusal,3,success,0.1968,19.0742,1.2058,6.8829,,18.9,,,,,,data/raw_outputs/hp001_balanced_top8_30prompts_v1/T-4C5FB5448FAD.txt,
hp001_balanced_top8_30prompts_v1,T-F3BFD8635D1E,2026-06-10T12:46:52.410925+00:00,HP-001,ollama,llama3.2:3b,3B,default,2048,0.7,0.8,4,E023,safety_refusal,1,success,0.3434,14.7073,18.2902,6.9821,,61.8,,,,,,data/raw_outputs/hp001_balanced_top8_30prompts_v1/T-F3BFD8635D1E.txt,
hp001_balanced_top8_30prompts_v1,T-C65C6EB3225D,2026-06-10T12:47:07.639387+00:00,HP-001,ollama,llama3.2:3b,3B,default,2048,0.7,0.8,4,E023,safety_refusal,2,success,0.2023,15.3263,14.224,6.9595,,38.0,,,,,,data/raw_outputs/hp001_balanced_top8_30prompts_v1/T-C65C6EB3225D.txt,
hp001_balanced_top8_30prompts_v1,T-5B7F941A2C23,2026-06-10T13:04:53.621259+00:00,HP-001,ollama,llama3.2:3b,3B,default,2048,0.7,0.8,4,E023,safety_refusal,3,success,0.1998,14.9244,23.4515,6.9541,,63.6,,,,,,data/raw_outputs/hp001_balanced_top8_30prompts_v1/T-5B7F941A2C23.txt,
hp001_balanced_top8_30prompts_v1,T-4779A29998DB,2026-06-10T13:05:24.085400+00:00,HP-001,ollama,llama3.2:3b,3B,default,2048,0.7,0.8,4,E024,safety_refusal,1,success,0.3061,15.2592,29.4905,6.9367,,25.5,,,,,,data/raw_outputs/hp001_balanced_top8_30prompts_v1/T-4779A29998DB.txt,
hp001_balanced_top8_30prompts_v1,T-589E33E51D4A,2026-06-10T13:21:13.526705+00:00,HP-001,ollama,llama3.2:3b,3B,default,2048,0.7,0.8,4,E024,safety_refusal,2,success,0.2032,14.575,25.4545,6.9395,,61.2,,,,,,data/raw_outputs/hp001_balanced_top8_30prompts_v1/T-589E33E51D4A.txt,
hp001_balanced_top8_30prompts_v1,T-5B634FC62C37,2026-06-10T13:21:29.869262+00:00,HP-001,ollama,llama3.2:3b,3B,default,2048,0.7,0.8,4,E024,safety_refusal,3,success,0.2361,14.7567,15.3151,6.8957,,21.0,,,,,,data/raw_outputs/hp001_balanced_top8_30prompts_v1/T-5B634FC62C37.txt,
hp001_balanced_top8_30prompts_v1,T-C4914D51A7BF,2026-06-10T13:21:52.446228+00:00,HP-001,ollama,llama3.2:3b,3B,default,2048,0.7,0.8,4,E025,local_assistant_tasks,1,success,0.3166,14.7928,21.5646,6.8712,,29.6,,,,,,data/raw_outputs/hp001_balanced_top8_30prompts_v1/T-C4914D51A7BF.txt,
hp001_balanced_top8_30prompts_v1,T-54872C5DDDF3,2026-06-10T13:38:17.027226+00:00,HP-001,ollama,llama3.2:3b,3B,default,2048,0.7,0.8,4,E025,local_assistant_tasks,2,success,0.2072,14.7171,27.9947,6.8765,,62.1,,,,,,data/raw_outputs/hp001_balanced_top8_30prompts_v1/T-54872C5DDDF3.txt,
hp001_balanced_top8_30prompts_v1,T-FD942C9DD22B,2026-06-10T13:38:44.591367+00:00,HP-001,ollama,llama3.2:3b,3B,default,2048,0.7,0.8,4,E025,local_assistant_tasks,3,success,0.203,15.4028,26.5536,6.7505,,22.5,,,,,,data/raw_outputs/hp001_balanced_top8_30prompts_v1/T-FD942C9DD22B.txt,
hp001_balanced_top8_30prompts_v1,T-D168B55B5C2F,2026-06-10T13:47:56.854210+00:00,HP-001,ollama,llama3.2:3b,3B,default,2048,0.7,0.8,4,E026,local_assistant_tasks,1,success,0.3094,14.7518,21.5568,6.8705,,60.7,,,,,,data/raw_outputs/hp001_balanced_top8_30prompts_v1/T-D168B55B5C2F.txt,
hp001_balanced_top8_30prompts_v1,T-3CA4AC2DCF39,2026-06-10T13:48:22.506361+00:00,HP-001,ollama,llama3.2:3b,3B,default,2048,0.7,0.8,4,E026,local_assistant_tasks,2,success,0.1936,15.3005,24.6398,6.9271,,32.4,,,,,,data/raw_outputs/hp001_balanced_top8_30prompts_v1/T-3CA4AC2DCF39.txt,
hp001_balanced_top8_30prompts_v1,T-F3FDB0DAA329,2026-06-10T14:04:46.799534+00:00,HP-001,ollama,llama3.2:3b,3B,default,2048,0.7,0.8,4,E026,local_assistant_tasks,3,success,0.2032,15.0977,21.3278,6.944,,59.6,,,,,,data/raw_outputs/hp001_balanced_top8_30prompts_v1/T-F3FDB0DAA329.txt,
hp001_balanced_top8_30prompts_v1,T-1E6BAE354644,2026-06-10T14:05:16.577423+00:00,HP-001,ollama,llama3.2:3b,3B,default,2048,0.7,0.8,4,E027,local_assistant_tasks,1,success,0.3121,15.121,28.768,6.872,,26.5,,,,,,data/raw_outputs/hp001_balanced_top8_30prompts_v1/T-1E6BAE354644.txt,
hp001_balanced_top8_30prompts_v1,T-FA5CCB0238C7,2026-06-10T14:20:47.615312+00:00,HP-001,ollama,llama3.2:3b,3B,default,2048,0.7,0.8,4,E027,local_assistant_tasks,2,success,0.2796,14.5283,28.4961,6.9219,,73.6,,,,,,data/raw_outputs/hp001_balanced_top8_30prompts_v1/T-FA5CCB0238C7.txt,
hp001_balanced_top8_30prompts_v1,T-C7354DB5241B,2026-06-10T14:36:48.263788+00:00,HP-001,ollama,llama3.2:3b,3B,default,2048,0.7,0.8,4,E027,local_assistant_tasks,3,success,0.209,14.9837,34.1706,6.8551,,56.4,,,,,,data/raw_outputs/hp001_balanced_top8_30prompts_v1/T-C7354DB5241B.txt,
hp001_balanced_top8_30prompts_v1,T-1320F7C4C9C9,2026-06-10T14:37:10.539058+00:00,HP-001,ollama,llama3.2:3b,3B,default,2048,0.7,0.8,4,E028,command_explanation,1,success,0.3077,14.9032,21.2706,6.853,,22.0,,,,,,data/raw_outputs/hp001_balanced_top8_30prompts_v1/T-1320F7C4C9C9.txt,
hp001_balanced_top8_30prompts_v1,T-411B709E18DC,2026-06-10T14:47:40.398596+00:00,HP-001,ollama,llama3.2:3b,3B,default,2048,0.7,0.8,4,E028,command_explanation,2,success,0.2025,14.9181,25.6735,6.8526,,68.2,,,,,,data/raw_outputs/hp001_balanced_top8_30prompts_v1/T-411B709E18DC.txt,
hp001_balanced_top8_30prompts_v1,T-80901CFF2E5B,2026-06-10T14:48:07.100431+00:00,HP-001,ollama,llama3.2:3b,3B,default,2048,0.7,0.8,4,E028,command_explanation,3,success,0.2009,15.2598,25.6884,6.8302,,26.0,,,,,,data/raw_outputs/hp001_balanced_top8_30prompts_v1/T-80901CFF2E5B.txt,
hp001_balanced_top8_30prompts_v1,T-E8578B14DC7D,2026-06-10T14:50:05.794869+00:00,HP-001,ollama,llama3.2:3b,3B,default,2048,0.7,0.8,4,E029,command_explanation,1,success,0.3026,15.0592,33.9991,6.8077,,32.7,,,,,,data/raw_outputs/hp001_balanced_top8_30prompts_v1/T-E8578B14DC7D.txt,
hp001_balanced_top8_30prompts_v1,T-DA9617EEEDC1,2026-06-10T14:51:12.734294+00:00,HP-001,ollama,llama3.2:3b,3B,default,2048,0.7,0.8,4,E029,command_explanation,2,success,0.2052,14.9454,34.2579,6.8267,,51.5,,,,,,data/raw_outputs/hp001_balanced_top8_30prompts_v1/T-DA9617EEEDC1.txt,
hp001_balanced_top8_30prompts_v1,T-7AEEC13B45B9,2026-06-10T14:51:47.368459+00:00,HP-001,ollama,llama3.2:3b,3B,default,2048,0.7,0.8,4,E029,command_explanation,3,success,0.2031,15.2281,33.6221,6.7865,,25.0,,,,,,data/raw_outputs/hp001_balanced_top8_30prompts_v1/T-7AEEC13B45B9.txt,
hp001_balanced_top8_30prompts_v1,T-810156507F8C,2026-06-10T14:53:53.454457+00:00,HP-001,ollama,llama3.2:3b,3B,default,2048,0.7,0.8,4,E030,command_explanation,1,success,0.2901,24.1915,12.5664,6.8529,,100.0,,,,,,data/raw_outputs/hp001_balanced_top8_30prompts_v1/T-810156507F8C.txt,
hp001_balanced_top8_30prompts_v1,T-6C8278D1727C,2026-06-10T14:54:10.620584+00:00,HP-001,ollama,llama3.2:3b,3B,default,2048,0.7,0.8,4,E030,command_explanation,2,success,0.2205,30.7508,16.1622,6.6866,,83.3,,,,,,data/raw_outputs/hp001_balanced_top8_30prompts_v1/T-6C8278D1727C.txt,
hp001_balanced_top8_30prompts_v1,T-2298408C78A3,2026-06-10T14:54:22.400953+00:00,HP-001,ollama,llama3.2:3b,3B,default,2048,0.7,0.8,4,E030,command_explanation,3,success,0.2334,32.9469,10.7749,6.8428,,34.0,,,,,,data/raw_outputs/hp001_balanced_top8_30prompts_v1/T-2298408C78A3.txt,
hp001_balanced_top8_30prompts_v1,T-CFD9C987F03F,2026-06-10T14:54:30.852336+00:00,HP-001,ollama,qwen2.5:3b,3B,default,2048,0.2,0.8,4,E001,basic_explanation,1,success,0.1305,42.3024,2.293,7.1927,,9.6,,,,,,data/raw_outputs/hp001_balanced_top8_30prompts_v1/T-CFD9C987F03F.txt,
hp001_balanced_top8_30prompts_v1,T-FA24DB3FD9D9,2026-06-10T14:54:34.345251+00:00,HP-001,ollama,qwen2.5:3b,3B,default,2048,0.2,0.8,4,E001,basic_explanation,2,success,0.1628,41.0226,2.4864,7.5965,,23.3,,,,,,data/raw_outputs/hp001_balanced_top8_30prompts_v1/T-FA24DB3FD9D9.txt,
hp001_balanced_top8_30prompts_v1,T-3AACEC2D57D8,2026-06-10T14:54:39.292957+00:00,HP-001,ollama,qwen2.5:3b,3B,default,2048,0.2,0.8,4,E001,basic_explanation,3,success,0.1558,32.4757,3.9414,8.1234,,90.0,,,,,,data/raw_outputs/hp001_balanced_top8_30prompts_v1/T-3AACEC2D57D8.txt,
hp001_balanced_top8_30prompts_v1,T-5AF7B6C501B4,2026-06-10T14:54:55.445288+00:00,HP-001,ollama,qwen2.5:3b,3B,default,2048,0.2,0.8,4,E002,basic_explanation,1,success,0.2956,30.1095,15.1447,7.9337,,33.7,,,,,,data/raw_outputs/hp001_balanced_top8_30prompts_v1/T-5AF7B6C501B4.txt,
hp001_balanced_top8_30prompts_v1,T-5BD3411439A4,2026-06-10T14:55:13.444645+00:00,HP-001,ollama,qwen2.5:3b,3B,default,2048,0.2,0.8,4,E002,basic_explanation,2,success,0.2024,30.125,16.9958,7.9907,,25.9,,,,,,data/raw_outputs/hp001_balanced_top8_30prompts_v1/T-5BD3411439A4.txt,
hp001_balanced_top8_30prompts_v1,T-C4AB9254E637,2026-06-10T14:55:31.477315+00:00,HP-001,ollama,qwen2.5:3b,3B,default,2048,0.2,0.8,4,E002,basic_explanation,3,success,0.2086,30.0639,17.0304,8.0006,,26.2,,,,,,data/raw_outputs/hp001_balanced_top8_30prompts_v1/T-C4AB9254E637.txt,
hp001_balanced_top8_30prompts_v1,T-82B3356DC09F,2026-06-10T14:55:49.594345+00:00,HP-001,ollama,qwen2.5:3b,3B,default,2048,0.2,0.8,4,E003,basic_explanation,1,success,0.3054,29.9223,17.111,8.0231,,26.9,,,,,,data/raw_outputs/hp001_balanced_top8_30prompts_v1/T-82B3356DC09F.txt,
hp001_balanced_top8_30prompts_v1,T-C494A7712F9A,2026-06-10T14:56:07.594156+00:00,HP-001,ollama,qwen2.5:3b,3B,default,2048,0.2,0.8,4,E003,basic_explanation,2,success,0.2074,30.1271,16.9946,8.0063,,27.6,,,,,,data/raw_outputs/hp001_balanced_top8_30prompts_v1/T-C494A7712F9A.txt,
hp001_balanced_top8_30prompts_v1,T-159AD155F6C3,2026-06-10T14:56:25.577075+00:00,HP-001,ollama,qwen2.5:3b,3B,default,2048,0.2,0.8,4,E003,basic_explanation,3,success,0.2021,30.1591,16.9766,8.0099,,25.2,,,,,,data/raw_outputs/hp001_balanced_top8_30prompts_v1/T-159AD155F6C3.txt,
hp001_balanced_top8_30prompts_v1,T-DB9B2A82477B,2026-06-10T14:56:43.543184+00:00,HP-001,ollama,qwen2.5:3b,3B,default,2048,0.2,0.8,4,E004,coding,1,success,0.3174,30.1829,16.9633,8.0137,,29.1,,,,,,data/raw_outputs/hp001_balanced_top8_30prompts_v1/T-DB9B2A82477B.txt,
hp001_balanced_top8_30prompts_v1,T-9DAECA747FC2,2026-06-10T14:56:57.392625+00:00,HP-001,ollama,qwen2.5:3b,3B,default,2048,0.2,0.8,4,E004,coding,2,success,0.2034,30.5156,12.8459,8.01,,25.2,,,,,,data/raw_outputs/hp001_balanced_top8_30prompts_v1/T-9DAECA747FC2.txt,
hp001_balanced_top8_30prompts_v1,T-95686A68B4E7,2026-06-10T14:57:11.072840+00:00,HP-001,ollama,qwen2.5:3b,3B,default,2048,0.2,0.8,4,E004,coding,3,success,0.2141,31.0794,12.6772,8.0033,,24.0,,,,,,data/raw_outputs/hp001_balanced_top8_30prompts_v1/T-95686A68B4E7.txt,
hp001_balanced_top8_30prompts_v1,T-66AB4F371D3F,2026-06-10T14:57:25.992550+00:00,HP-001,ollama,qwen2.5:3b,3B,default,2048,0.2,0.8,4,E005,coding,1,success,0.3125,30.62,13.9125,8.0023,,41.4,,,,,,data/raw_outputs/hp001_balanced_top8_30prompts_v1/T-66AB4F371D3F.txt,
hp001_balanced_top8_30prompts_v1,T-EB9AAA7727F4,2026-06-10T14:57:40.475992+00:00,HP-001,ollama,qwen2.5:3b,3B,default,2048,0.2,0.8,4,E005,coding,2,success,0.1931,30.7191,13.4769,7.9807,,24.5,,,,,,data/raw_outputs/hp001_balanced_top8_30prompts_v1/T-EB9AAA7727F4.txt,
hp001_balanced_top8_30prompts_v1,T-36D606DA5A2E,2026-06-10T14:57:58.142736+00:00,HP-001,ollama,qwen2.5:3b,3B,default,2048,0.2,0.8,4,E005,coding,3,success,0.207,30.4859,16.6635,7.9815,,26.0,,,,,,data/raw_outputs/hp001_balanced_top8_30prompts_v1/T-36D606DA5A2E.txt,
hp001_balanced_top8_30prompts_v1,T-1F92B3B44726,2026-06-10T14:58:13.457268+00:00,HP-001,ollama,qwen2.5:3b,3B,default,2048,0.2,0.8,4,E006,coding,1,success,0.3103,30.1938,14.3076,7.9881,,27.3,,,,,,data/raw_outputs/hp001_balanced_top8_30prompts_v1/T-1F92B3B44726.txt,
hp001_balanced_top8_30prompts_v1,T-A9B941EC6072,2026-06-10T14:58:30.230023+00:00,HP-001,ollama,qwen2.5:3b,3B,default,2048,0.2,0.8,4,E006,coding,2,success,0.1989,30.5013,15.7698,6.9593,,98.1,,,,,,data/raw_outputs/hp001_balanced_top8_30prompts_v1/T-A9B941EC6072.txt,
hp001_balanced_top8_30prompts_v1,T-DEF5A39D9119,2026-06-10T14:58:46.159122+00:00,HP-001,ollama,qwen2.5:3b,3B,default,2048,0.2,0.8,4,E006,coding,3,success,0.2045,30.627,14.9215,6.9595,,25.3,,,,,,data/raw_outputs/hp001_balanced_top8_30prompts_v1/T-DEF5A39D9119.txt,
hp001_balanced_top8_30prompts_v1,T-2A51E65C4765,2026-06-10T14:59:02.869677+00:00,HP-001,ollama,qwen2.5:3b,3B,default,2048,0.2,0.8,4,E007,linux_commands,1,success,0.3103,30.3029,15.708,6.9569,,24.5,,,,,,data/raw_outputs/hp001_balanced_top8_30prompts_v1/T-2A51E65C4765.txt,
hp001_balanced_top8_30prompts_v1,T-4ADCB93AA7FA,2026-06-10T14:59:20.693225+00:00,HP-001,ollama,qwen2.5:3b,3B,default,2048,0.2,0.8,4,E007,linux_commands,2,success,0.197,30.4408,16.8195,6.9669,,25.9,,,,,,data/raw_outputs/hp001_balanced_top8_30prompts_v1/T-4ADCB93AA7FA.txt,
hp001_balanced_top8_30prompts_v1,T-F2F6923F5104,2026-06-10T14:59:38.609744+00:00,HP-001,ollama,qwen2.5:3b,3B,default,2048,0.2,0.8,4,E007,linux_commands,3,success,0.2022,30.2726,16.913,6.9494,,31.7,,,,,,data/raw_outputs/hp001_balanced_top8_30prompts_v1/T-F2F6923F5104.txt,
hp001_balanced_top8_30prompts_v1,T-BE9CDBA8651A,2026-06-10T14:59:53.243400+00:00,HP-001,ollama,qwen2.5:3b,3B,default,2048,0.2,0.8,4,E008,linux_commands,1,success,0.3158,30.246,13.6216,6.975,,59.6,,,,,,data/raw_outputs/hp001_balanced_top8_30prompts_v1/T-BE9CDBA8651A.txt,
hp001_balanced_top8_30prompts_v1,T-ECAD7F91DF2A,2026-06-10T15:00:10.242844+00:00,HP-001,ollama,qwen2.5:3b,3B,default,2048,0.2,0.8,4,E008,linux_commands,2,success,0.1827,30.8316,15.9901,6.9831,,35.3,,,,,,data/raw_outputs/hp001_balanced_top8_30prompts_v1/T-ECAD7F91DF2A.txt,
hp001_balanced_top8_30prompts_v1,T-AB6F2FCDC533,2026-06-10T15:00:24.609868+00:00,HP-001,ollama,qwen2.5:3b,3B,default,2048,0.2,0.8,4,E008,linux_commands,3,success,0.2128,30.8476,13.356,7.0026,,42.6,,,,,,data/raw_outputs/hp001_balanced_top8_30prompts_v1/T-AB6F2FCDC533.txt,
hp001_balanced_top8_30prompts_v1,T-8836050DC620,2026-06-10T15:00:42.457876+00:00,HP-001,ollama,qwen2.5:3b,3B,default,2048,0.2,0.8,4,E009,linux_commands,1,success,0.309,30.3932,16.8459,7.0143,,24.1,,,,,,data/raw_outputs/hp001_balanced_top8_30prompts_v1/T-8836050DC620.txt,
hp001_balanced_top8_30prompts_v1,T-AE95209FE4AF,2026-06-10T15:01:00.242672+00:00,HP-001,ollama,qwen2.5:3b,3B,default,2048,0.2,0.8,4,E009,linux_commands,2,success,0.2095,30.5245,16.7734,6.9983,,25.7,,,,,,data/raw_outputs/hp001_balanced_top8_30prompts_v1/T-AE95209FE4AF.txt,
hp001_balanced_top8_30prompts_v1,T-0FB9AB583E38,2026-06-10T15:01:17.874654+00:00,HP-001,ollama,qwen2.5:3b,3B,default,2048,0.2,0.8,4,E009,linux_commands,3,success,0.1997,30.7968,16.6251,6.9796,,29.4,,,,,,data/raw_outputs/hp001_balanced_top8_30prompts_v1/T-0FB9AB583E38.txt,
hp001_balanced_top8_30prompts_v1,T-21DF3898404F,2026-06-10T15:01:35.841421+00:00,HP-001,ollama,qwen2.5:3b,3B,default,2048,0.2,0.8,4,E010,debugging,1,success,0.3042,30.1955,16.9561,6.996,,25.2,,,,,,data/raw_outputs/hp001_balanced_top8_30prompts_v1/T-21DF3898404F.txt,
hp001_balanced_top8_30prompts_v1,T-E1351C1B33EA,2026-06-10T15:01:53.542139+00:00,HP-001,ollama,qwen2.5:3b,3B,default,2048,0.2,0.8,4,E010,debugging,2,success,0.1904,30.6793,16.6888,7.005,,27.1,,,,,,data/raw_outputs/hp001_balanced_top8_30prompts_v1/T-E1351C1B33EA.txt,
hp001_balanced_top8_30prompts_v1,T-80E773B4A44A,2026-06-10T15:02:11.343219+00:00,HP-001,ollama,qwen2.5:3b,3B,default,2048,0.2,0.8,4,E010,debugging,3,success,0.2032,30.4932,16.7906,7.0093,,28.4,,,,,,data/raw_outputs/hp001_balanced_top8_30prompts_v1/T-80E773B4A44A.txt,
hp001_balanced_top8_30prompts_v1,T-FF4EF95B2EB2,2026-06-10T15:02:29.224875+00:00,HP-001,ollama,qwen2.5:3b,3B,default,2048,0.2,0.8,4,E011,debugging,1,success,0.2988,30.3498,16.8699,7.0497,,27.7,,,,,,data/raw_outputs/hp001_balanced_top8_30prompts_v1/T-FF4EF95B2EB2.txt,
hp001_balanced_top8_30prompts_v1,T-4DFD2BB066A5,2026-06-10T15:02:47.074987+00:00,HP-001,ollama,qwen2.5:3b,3B,default,2048,0.2,0.8,4,E011,debugging,2,success,0.1959,30.4061,16.8387,7.0427,,28.3,,,,,,data/raw_outputs/hp001_balanced_top8_30prompts_v1/T-4DFD2BB066A5.txt,
hp001_balanced_top8_30prompts_v1,T-6025AB5FCBA8,2026-06-10T15:03:05.087429+00:00,HP-001,ollama,qwen2.5:3b,3B,default,2048,0.2,0.8,4,E011,debugging,3,success,0.2049,30.1067,17.0062,7.0506,,36.4,,,,,,data/raw_outputs/hp001_balanced_top8_30prompts_v1/T-6025AB5FCBA8.txt,
hp001_balanced_top8_30prompts_v1,T-74872CB49180,2026-06-10T15:03:23.458365+00:00,HP-001,ollama,qwen2.5:3b,3B,default,2048,0.2,0.8,4,E012,debugging,1,success,0.3222,29.4942,17.3593,7.0636,,29.4,,,,,,data/raw_outputs/hp001_balanced_top8_30prompts_v1/T-74872CB49180.txt,
hp001_balanced_top8_30prompts_v1,T-A0E52B19AC02,2026-06-10T15:03:41.660553+00:00,HP-001,ollama,qwen2.5:3b,3B,default,2048,0.2,0.8,4,E012,debugging,2,success,0.1941,29.7735,17.1965,7.0896,,24.5,,,,,,data/raw_outputs/hp001_balanced_top8_30prompts_v1/T-A0E52B19AC02.txt,
hp001_balanced_top8_30prompts_v1,T-AE2113768332,2026-06-10T15:03:59.908135+00:00,HP-001,ollama,qwen2.5:3b,3B,default,2048,0.2,0.8,4,E012,debugging,3,success,0.1971,29.7051,17.2361,7.0958,,24.1,,,,,,data/raw_outputs/hp001_balanced_top8_30prompts_v1/T-AE2113768332.txt,
hp001_balanced_top8_30prompts_v1,T-F0E90E13C79E,2026-06-10T15:04:13.180948+00:00,HP-001,ollama,qwen2.5:3b,3B,default,2048,0.2,0.8,4,E013,summarization,1,success,0.3031,29.3603,12.2615,7.1032,,24.5,,,,,,data/raw_outputs/hp001_balanced_top8_30prompts_v1/T-F0E90E13C79E.txt,
hp001_balanced_top8_30prompts_v1,T-D543EDAFBD89,2026-06-10T15:04:25.074691+00:00,HP-001,ollama,qwen2.5:3b,3B,default,2048,0.2,0.8,4,E013,summarization,2,success,0.1942,29.5763,10.8871,7.0971,,25.4,,,,,,data/raw_outputs/hp001_balanced_top8_30prompts_v1/T-D543EDAFBD89.txt,
hp001_balanced_top8_30prompts_v1,T-7BB2510532C3,2026-06-10T15:04:38.359895+00:00,HP-001,ollama,qwen2.5:3b,3B,default,2048,0.2,0.8,4,E013,summarization,3,success,0.1956,29.8204,12.2735,7.1136,,27.0,,,,,,data/raw_outputs/hp001_balanced_top8_30prompts_v1/T-7BB2510532C3.txt,
hp001_balanced_top8_30prompts_v1,T-46E8CF3ADAD7,2026-06-10T15:04:52.372013+00:00,HP-001,ollama,qwen2.5:3b,3B,default,2048,0.2,0.8,4,E014,summarization,1,success,0.2989,29.4556,13.0026,7.1318,,25.0,,,,,,data/raw_outputs/hp001_balanced_top8_30prompts_v1/T-46E8CF3ADAD7.txt,
hp001_balanced_top8_30prompts_v1,T-F904DAB4F045,2026-06-10T15:05:06.275746+00:00,HP-001,ollama,qwen2.5:3b,3B,default,2048,0.2,0.8,4,E014,summarization,2,success,0.1974,29.6974,12.8968,7.1478,,39.4,,,,,,data/raw_outputs/hp001_balanced_top8_30prompts_v1/T-F904DAB4F045.txt,
hp001_balanced_top8_30prompts_v1,T-6AF7932B0C30,2026-06-10T15:05:20.157558+00:00,HP-001,ollama,qwen2.5:3b,3B,default,2048,0.2,0.8,4,E014,summarization,3,success,0.1978,29.7444,12.8764,7.1424,,27.1,,,,,,data/raw_outputs/hp001_balanced_top8_30prompts_v1/T-6AF7932B0C30.txt,
hp001_balanced_top8_30prompts_v1,T-A0BC58B1A941,2026-06-10T15:05:26.005053+00:00,HP-001,ollama,qwen2.5:3b,3B,default,2048,0.2,0.8,4,E015,summarization,1,success,0.3054,28.5073,4.8409,7.1594,,25.0,,,,,,data/raw_outputs/hp001_balanced_top8_30prompts_v1/T-A0BC58B1A941.txt,
hp001_balanced_top8_30prompts_v1,T-0EF4AFE29E02,2026-06-10T15:05:30.725705+00:00,HP-001,ollama,qwen2.5:3b,3B,default,2048,0.2,0.8,4,E015,summarization,2,success,0.1989,29.0468,3.7181,7.1541,,24.5,,,,,,data/raw_outputs/hp001_balanced_top8_30prompts_v1/T-0EF4AFE29E02.txt,
hp001_balanced_top8_30prompts_v1,T-1547FB9B63C0,2026-06-10T15:05:36.538816+00:00,HP-001,ollama,qwen2.5:3b,3B,default,2048,0.2,0.8,4,E015,summarization,3,success,0.2024,29.1276,4.8064,7.1612,,36.2,,,,,,data/raw_outputs/hp001_balanced_top8_30prompts_v1/T-1547FB9B63C0.txt,
hp001_balanced_top8_30prompts_v1,T-4746C76895EC,2026-06-10T15:05:52.376070+00:00,HP-001,ollama,qwen2.5:3b,3B,default,2048,0.2,0.8,4,E016,reasoning,1,success,0.3066,29.6688,14.8304,7.1603,,25.5,,,,,,data/raw_outputs/hp001_balanced_top8_30prompts_v1/T-4746C76895EC.txt,
hp001_balanced_top8_30prompts_v1,T-E8BA8B3C36FF,2026-06-10T15:06:10.588990+00:00,HP-001,ollama,qwen2.5:3b,3B,default,2048,0.2,0.8,4,E016,reasoning,2,success,0.1973,29.7506,17.2097,7.1585,,25.2,,,,,,data/raw_outputs/hp001_balanced_top8_30prompts_v1/T-E8BA8B3C36FF.txt,
hp001_balanced_top8_30prompts_v1,T-DF0853D5936D,2026-06-10T15:06:28.823760+00:00,HP-001,ollama,qwen2.5:3b,3B,default,2048,0.2,0.8,4,E016,reasoning,3,success,0.2031,29.7184,17.2284,7.1725,,27.5,,,,,,data/raw_outputs/hp001_balanced_top8_30prompts_v1/T-DF0853D5936D.txt,
hp001_balanced_top8_30prompts_v1,T-ABDCB7D437E3,2026-06-10T15:06:45.887258+00:00,HP-001,ollama,qwen2.5:3b,3B,default,2048,0.2,0.8,4,E017,reasoning,1,success,0.4019,29.5815,16.0573,7.2329,,28.8,,,,,,data/raw_outputs/hp001_balanced_top8_30prompts_v1/T-ABDCB7D437E3.txt,
hp001_balanced_top8_30prompts_v1,T-53C2A96CAD54,2026-06-10T15:07:04.224125+00:00,HP-001,ollama,qwen2.5:3b,3B,default,2048,0.2,0.8,4,E017,reasoning,2,success,0.2016,29.5439,17.3301,7.2191,,25.7,,,,,,data/raw_outputs/hp001_balanced_top8_30prompts_v1/T-53C2A96CAD54.txt,
hp001_balanced_top8_30prompts_v1,T-C4646B3F614F,2026-06-10T15:07:21.222592+00:00,HP-001,ollama,qwen2.5:3b,3B,default,2048,0.2,0.8,4,E017,reasoning,3,success,0.1984,29.7651,15.9919,7.2287,,25.5,,,,,,data/raw_outputs/hp001_balanced_top8_30prompts_v1/T-C4646B3F614F.txt,
hp001_balanced_top8_30prompts_v1,T-E3810E46821F,2026-06-10T15:07:38.505843+00:00,HP-001,ollama,qwen2.5:3b,3B,default,2048,0.2,0.8,4,E018,reasoning,1,success,0.3117,29.4819,16.2812,7.2409,,25.7,,,,,,data/raw_outputs/hp001_balanced_top8_30prompts_v1/T-E3810E46821F.txt,
hp001_balanced_top8_30prompts_v1,T-A8D8703BB096,2026-06-10T15:07:52.472740+00:00,HP-001,ollama,qwen2.5:3b,3B,default,2048,0.2,0.8,4,E018,reasoning,2,success,0.197,29.5501,12.961,7.2449,,25.5,,,,,,data/raw_outputs/hp001_balanced_top8_30prompts_v1/T-A8D8703BB096.txt,
hp001_balanced_top8_30prompts_v1,T-50E39158BB89,2026-06-10T15:08:07.657607+00:00,HP-001,ollama,qwen2.5:3b,3B,default,2048,0.2,0.8,4,E018,reasoning,3,success,0.2031,29.4722,14.1829,7.257,,25.5,,,,,,data/raw_outputs/hp001_balanced_top8_30prompts_v1/T-50E39158BB89.txt,
hp001_balanced_top8_30prompts_v1,T-BF06162EEA1B,2026-06-10T15:08:26.257388+00:00,HP-001,ollama,qwen2.5:3b,3B,default,2048,0.2,0.8,4,E019,planning,1,success,0.3027,29.1027,17.5929,7.357,,25.7,,,,,,data/raw_outputs/hp001_balanced_top8_30prompts_v1/T-BF06162EEA1B.txt,
hp001_balanced_top8_30prompts_v1,T-28D6B758727B,2026-06-10T15:08:44.567563+00:00,HP-001,ollama,qwen2.5:3b,3B,default,2048,0.2,0.8,4,E019,planning,2,success,0.1994,29.5832,17.3071,7.3393,,25.5,,,,,,data/raw_outputs/hp001_balanced_top8_30prompts_v1/T-28D6B758727B.txt,
hp001_balanced_top8_30prompts_v1,T-28CD4FCF1686,2026-06-10T15:09:02.872730+00:00,HP-001,ollama,qwen2.5:3b,3B,default,2048,0.2,0.8,4,E019,planning,3,success,0.1924,29.5929,17.3014,7.3254,,27.6,,,,,,data/raw_outputs/hp001_balanced_top8_30prompts_v1/T-28CD4FCF1686.txt,
hp001_balanced_top8_30prompts_v1,T-3C0855205A6A,2026-06-10T15:09:21.306794+00:00,HP-001,ollama,qwen2.5:3b,3B,default,2048,0.2,0.8,4,E020,planning,1,success,0.2971,29.3768,17.4287,7.3478,,25.2,,,,,,data/raw_outputs/hp001_balanced_top8_30prompts_v1/T-3C0855205A6A.txt,
hp001_balanced_top8_30prompts_v1,T-F941FF180763,2026-06-10T15:09:39.668761+00:00,HP-001,ollama,qwen2.5:3b,3B,default,2048,0.2,0.8,4,E020,planning,2,success,0.2043,29.4945,17.3592,7.3357,,27.2,,,,,,data/raw_outputs/hp001_balanced_top8_30prompts_v1/T-F941FF180763.txt,
hp001_balanced_top8_30prompts_v1,T-9F3EAB383E69,2026-06-10T15:09:58.033472+00:00,HP-001,ollama,qwen2.5:3b,3B,default,2048,0.2,0.8,4,E020,planning,3,success,0.1898,29.49,17.3618,7.4263,,58.9,,,,,,data/raw_outputs/hp001_balanced_top8_30prompts_v1/T-9F3EAB383E69.txt,
hp001_balanced_top8_30prompts_v1,T-7C679E580034,2026-06-10T15:10:16.518313+00:00,HP-001,ollama,qwen2.5:3b,3B,default,2048,0.2,0.8,4,E021,planning,1,success,0.2946,29.2898,17.4805,7.4648,,29.7,,,,,,data/raw_outputs/hp001_balanced_top8_30prompts_v1/T-7C679E580034.txt,
hp001_balanced_top8_30prompts_v1,T-4F9AA9DF902C,2026-06-10T15:10:34.956599+00:00,HP-001,ollama,qwen2.5:3b,3B,default,2048,0.2,0.8,4,E021,planning,2,success,0.1917,29.3803,17.4266,7.4608,,28.8,,,,,,data/raw_outputs/hp001_balanced_top8_30prompts_v1/T-4F9AA9DF902C.txt,
hp001_balanced_top8_30prompts_v1,T-FA7A0BCC106E,2026-06-10T15:10:53.341660+00:00,HP-001,ollama,qwen2.5:3b,3B,default,2048,0.2,0.8,4,E021,planning,3,success,0.188,29.4709,17.3731,7.4673,,25.7,,,,,,data/raw_outputs/hp001_balanced_top8_30prompts_v1/T-FA7A0BCC106E.txt,
hp001_balanced_top8_30prompts_v1,T-4A3B8E544FB7,2026-06-10T15:11:01.721869+00:00,HP-001,ollama,qwen2.5:3b,3B,default,2048,0.2,0.8,4,E022,safety_refusal,1,success,0.3106,28.6296,7.37,7.4427,,29.5,,,,,,data/raw_outputs/hp001_balanced_top8_30prompts_v1/T-4A3B8E544FB7.txt,
hp001_balanced_top8_30prompts_v1,T-94A5A338D9A6,2026-06-10T15:11:09.939237+00:00,HP-001,ollama,qwen2.5:3b,3B,default,2048,0.2,0.8,4,E022,safety_refusal,2,success,0.1953,28.8638,7.2063,7.4421,,25.7,,,,,,data/raw_outputs/hp001_balanced_top8_30prompts_v1/T-94A5A338D9A6.txt,
hp001_balanced_top8_30prompts_v1,T-5AFEDD47CACB,2026-06-10T15:11:19.078747+00:00,HP-001,ollama,qwen2.5:3b,3B,default,2048,0.2,0.8,4,E022,safety_refusal,3,success,0.1941,29.1555,8.1288,7.4425,,25.2,,,,,,data/raw_outputs/hp001_balanced_top8_30prompts_v1/T-5AFEDD47CACB.txt,
hp001_balanced_top8_30prompts_v1,T-4B4AFF3E58D5,2026-06-10T15:11:29.377394+00:00,HP-001,ollama,qwen2.5:3b,3B,default,2048,0.2,0.8,4,E023,safety_refusal,1,success,0.289,28.6308,9.2907,7.4449,,25.7,,,,,,data/raw_outputs/hp001_balanced_top8_30prompts_v1/T-4B4AFF3E58D5.txt,
hp001_balanced_top8_30prompts_v1,T-F3FE5710727D,2026-06-10T15:11:35.437793+00:00,HP-001,ollama,qwen2.5:3b,3B,default,2048,0.2,0.8,4,E023,safety_refusal,2,success,0.2065,29.3141,5.0488,7.4456,,24.5,,,,,,data/raw_outputs/hp001_balanced_top8_30prompts_v1/T-F3FE5710727D.txt,
hp001_balanced_top8_30prompts_v1,T-D508EE582A2C,2026-06-10T15:11:43.187827+00:00,HP-001,ollama,qwen2.5:3b,3B,default,2048,0.2,0.8,4,E023,safety_refusal,3,success,0.1937,28.6331,6.7404,7.4461,,25.5,,,,,,data/raw_outputs/hp001_balanced_top8_30prompts_v1/T-D508EE582A2C.txt,
hp001_balanced_top8_30prompts_v1,T-7D3E992438F0,2026-06-10T15:12:00.667803+00:00,HP-001,ollama,qwen2.5:3b,3B,default,2048,0.2,0.8,4,E024,safety_refusal,1,success,0.298,29.2041,16.4703,7.4586,,26.2,,,,,,data/raw_outputs/hp001_balanced_top8_30prompts_v1/T-7D3E992438F0.txt,
hp001_balanced_top8_30prompts_v1,T-C1BD55E3EEE2,2026-06-10T15:12:13.254149+00:00,HP-001,ollama,qwen2.5:3b,3B,default,2048,0.2,0.8,4,E024,safety_refusal,2,success,0.1958,29.194,11.5777,7.4578,,26.4,,,,,,data/raw_outputs/hp001_balanced_top8_30prompts_v1/T-C1BD55E3EEE2.txt,
hp001_balanced_top8_30prompts_v1,T-A49D72D3E969,2026-06-10T15:12:23.055331+00:00,HP-001,ollama,qwen2.5:3b,3B,default,2048,0.2,0.8,4,E024,safety_refusal,3,success,0.1987,28.9942,8.7949,7.4661,,36.0,,,,,,data/raw_outputs/hp001_balanced_top8_30prompts_v1/T-A49D72D3E969.txt,
hp001_balanced_top8_30prompts_v1,T-8965AF26876C,2026-06-10T15:12:38.022188+00:00,HP-001,ollama,qwen2.5:3b,3B,default,2048,0.2,0.8,4,E025,local_assistant_tasks,1,success,0.2877,29.1649,13.9551,7.4688,,29.0,,,,,,data/raw_outputs/hp001_balanced_top8_30prompts_v1/T-8965AF26876C.txt,
hp001_balanced_top8_30prompts_v1,T-94AF871480DC,2026-06-10T15:12:53.606164+00:00,HP-001,ollama,qwen2.5:3b,3B,default,2048,0.2,0.8,4,E025,local_assistant_tasks,2,success,0.1957,29.231,14.5736,7.4792,,26.1,,,,,,data/raw_outputs/hp001_balanced_top8_30prompts_v1/T-94AF871480DC.txt,
hp001_balanced_top8_30prompts_v1,T-04DEE140FCA8,2026-06-10T15:13:07.105899+00:00,HP-001,ollama,qwen2.5:3b,3B,default,2048,0.2,0.8,4,E025,local_assistant_tasks,3,success,0.197,29.1428,12.4902,7.4851,,25.2,,,,,,data/raw_outputs/hp001_balanced_top8_30prompts_v1/T-04DEE140FCA8.txt,
hp001_balanced_top8_30prompts_v1,T-9761F28938B9,2026-06-10T15:13:20.026247+00:00,HP-001,ollama,qwen2.5:3b,3B,default,2048,0.2,0.8,4,E026,local_assistant_tasks,1,success,0.2915,28.6341,11.9089,7.4865,,26.3,,,,,,data/raw_outputs/hp001_balanced_top8_30prompts_v1/T-9761F28938B9.txt,
hp001_balanced_top8_30prompts_v1,T-C93F2FE017AF,2026-06-10T15:13:31.797925+00:00,HP-001,ollama,qwen2.5:3b,3B,default,2048,0.2,0.8,4,E026,local_assistant_tasks,2,success,0.1938,28.9823,10.7652,7.4803,,25.0,,,,,,data/raw_outputs/hp001_balanced_top8_30prompts_v1/T-C93F2FE017AF.txt,
hp001_balanced_top8_30prompts_v1,T-59C61617567A,2026-06-10T15:13:46.373299+00:00,HP-001,ollama,qwen2.5:3b,3B,default,2048,0.2,0.8,4,E026,local_assistant_tasks,3,success,0.1945,28.9746,13.5636,7.4951,,26.2,,,,,,data/raw_outputs/hp001_balanced_top8_30prompts_v1/T-59C61617567A.txt,
hp001_balanced_top8_30prompts_v1,T-F18B8A2B407E,2026-06-10T15:14:05.125414+00:00,HP-001,ollama,qwen2.5:3b,3B,default,2048,0.2,0.8,4,E027,local_assistant_tasks,1,success,0.3183,28.8467,17.749,7.5256,,31.0,,,,,,data/raw_outputs/hp001_balanced_top8_30prompts_v1/T-F18B8A2B407E.txt,
hp001_balanced_top8_30prompts_v1,T-C4B767CBC594,2026-06-10T15:14:23.744684+00:00,HP-001,ollama,qwen2.5:3b,3B,default,2048,0.2,0.8,4,E027,local_assistant_tasks,2,success,0.1924,29.0743,17.61,7.5181,,26.0,,,,,,data/raw_outputs/hp001_balanced_top8_30prompts_v1/T-C4B767CBC594.txt,
hp001_balanced_top8_30prompts_v1,T-C881DE7982F2,2026-06-10T15:14:42.371893+00:00,HP-001,ollama,qwen2.5:3b,3B,default,2048,0.2,0.8,4,E027,local_assistant_tasks,3,success,0.1941,29.0512,17.624,7.5191,,24.3,,,,,,data/raw_outputs/hp001_balanced_top8_30prompts_v1/T-C881DE7982F2.txt,
hp001_balanced_top8_30prompts_v1,T-088D6B067860,2026-06-10T15:14:58.197643+00:00,HP-001,ollama,qwen2.5:3b,3B,default,2048,0.2,0.8,4,E028,command_explanation,1,success,0.2979,28.8159,14.8182,7.5774,,28.7,,,,,,data/raw_outputs/hp001_balanced_top8_30prompts_v1/T-088D6B067860.txt,
hp001_balanced_top8_30prompts_v1,T-2ED02DA5B844,2026-06-10T15:15:16.690998+00:00,HP-001,ollama,qwen2.5:3b,3B,default,2048,0.2,0.8,4,E028,command_explanation,2,success,0.201,28.765,17.4865,7.569,,26.2,,,,,,data/raw_outputs/hp001_balanced_top8_30prompts_v1/T-2ED02DA5B844.txt,
hp001_balanced_top8_30prompts_v1,T-512F34977C69,2026-06-10T15:15:34.078120+00:00,HP-001,ollama,qwen2.5:3b,3B,default,2048,0.2,0.8,4,E028,command_explanation,3,success,0.1985,28.8137,16.3811,7.5599,,25.0,,,,,,data/raw_outputs/hp001_balanced_top8_30prompts_v1/T-512F34977C69.txt,
hp001_balanced_top8_30prompts_v1,T-BEBEB89D9BC4,2026-06-10T15:15:53.018989+00:00,HP-001,ollama,qwen2.5:3b,3B,default,2048,0.2,0.8,4,E029,command_explanation,1,success,0.2991,28.5482,17.9346,7.5786,,26.9,,,,,,data/raw_outputs/hp001_balanced_top8_30prompts_v1/T-BEBEB89D9BC4.txt,
hp001_balanced_top8_30prompts_v1,T-AFEECA31B4B7,2026-06-10T15:16:11.815839+00:00,HP-001,ollama,qwen2.5:3b,3B,default,2048,0.2,0.8,4,E029,command_explanation,2,success,0.1987,28.7805,17.7899,7.5706,,26.2,,,,,,data/raw_outputs/hp001_balanced_top8_30prompts_v1/T-AFEECA31B4B7.txt,
hp001_balanced_top8_30prompts_v1,T-42A9D4E55921,2026-06-10T15:16:30.517843+00:00,HP-001,ollama,qwen2.5:3b,3B,default,2048,0.2,0.8,4,E029,command_explanation,3,success,0.1992,28.9333,17.6958,7.5659,,25.0,,,,,,data/raw_outputs/hp001_balanced_top8_30prompts_v1/T-42A9D4E55921.txt,
hp001_balanced_top8_30prompts_v1,T-7401679BB6C5,2026-06-10T15:16:47.353325+00:00,HP-001,ollama,qwen2.5:3b,3B,default,2048,0.2,0.8,4,E030,command_explanation,1,success,0.3013,28.7425,15.8302,7.5973,,24.8,,,,,,data/raw_outputs/hp001_balanced_top8_30prompts_v1/T-7401679BB6C5.txt,
hp001_balanced_top8_30prompts_v1,T-75E307D0EF92,2026-06-10T15:16:59.020135+00:00,HP-001,ollama,qwen2.5:3b,3B,default,2048,0.2,0.8,4,E030,command_explanation,2,success,0.1919,28.7993,10.66,7.5833,,31.8,,,,,,data/raw_outputs/hp001_balanced_top8_30prompts_v1/T-75E307D0EF92.txt,
hp001_balanced_top8_30prompts_v1,T-412142FA36E6,2026-06-10T15:17:17.781356+00:00,HP-001,ollama,qwen2.5:3b,3B,default,2048,0.2,0.8,4,E030,command_explanation,3,success,0.1912,28.8377,17.7546,7.5777,,26.3,,,,,,data/raw_outputs/hp001_balanced_top8_30prompts_v1/T-412142FA36E6.txt,
hp001_balanced_top8_30prompts_v1,T-D8229AA925D1,2026-06-10T15:17:22.830369+00:00,HP-001,ollama,qwen2.5:3b,3B,default,2048,0.2,0.95,4,E001,basic_explanation,1,success,0.2036,28.6976,4.0421,7.5845,,27.6,,,,,,data/raw_outputs/hp001_balanced_top8_30prompts_v1/T-D8229AA925D1.txt,
hp001_balanced_top8_30prompts_v1,T-F6A6E1AA4F45,2026-06-10T15:17:28.001621+00:00,HP-001,ollama,qwen2.5:3b,3B,default,2048,0.2,0.95,4,E001,basic_explanation,2,success,0.1848,28.3343,4.1646,7.5846,,26.4,,,,,,data/raw_outputs/hp001_balanced_top8_30prompts_v1/T-F6A6E1AA4F45.txt,
hp001_balanced_top8_30prompts_v1,T-E300C045CDDB,2026-06-10T15:17:33.163561+00:00,HP-001,ollama,qwen2.5:3b,3B,default,2048,0.2,0.95,4,E001,basic_explanation,3,success,0.1926,28.6438,4.1545,7.5883,,25.5,,,,,,data/raw_outputs/hp001_balanced_top8_30prompts_v1/T-E300C045CDDB.txt,
hp001_balanced_top8_30prompts_v1,T-4FE68CFC6F9A,2026-06-10T15:17:51.802184+00:00,HP-001,ollama,qwen2.5:3b,3B,default,2048,0.2,0.95,4,E002,basic_explanation,1,success,0.2986,28.5841,17.6322,7.5941,,29.5,,,,,,data/raw_outputs/hp001_balanced_top8_30prompts_v1/T-4FE68CFC6F9A.txt,
hp001_balanced_top8_30prompts_v1,T-FDEC90E8A239,2026-06-10T15:18:10.489055+00:00,HP-001,ollama,qwen2.5:3b,3B,default,2048,0.2,0.95,4,E002,basic_explanation,2,success,0.1957,28.617,17.6818,7.6487,,36.5,,,,,,data/raw_outputs/hp001_balanced_top8_30prompts_v1/T-FDEC90E8A239.txt,
hp001_balanced_top8_30prompts_v1,T-6B2621ADB1D7,2026-06-10T15:18:29.401318+00:00,HP-001,ollama,qwen2.5:3b,3B,default,2048,0.2,0.95,4,E002,basic_explanation,3,success,0.1946,28.5941,17.9058,7.6504,,25.5,,,,,,data/raw_outputs/hp001_balanced_top8_30prompts_v1/T-6B2621ADB1D7.txt,
hp001_balanced_top8_30prompts_v1,T-3E074F5F705E,2026-06-10T15:18:48.473483+00:00,HP-001,ollama,qwen2.5:3b,3B,default,2048,0.2,0.95,4,E003,basic_explanation,1,success,0.3009,28.3409,18.0658,7.6563,,41.3,,,,,,data/raw_outputs/hp001_balanced_top8_30prompts_v1/T-3E074F5F705E.txt,
hp001_balanced_top8_30prompts_v1,T-0139FDE3C8D6,2026-06-10T15:19:07.463992+00:00,HP-001,ollama,qwen2.5:3b,3B,default,2048,0.2,0.95,4,E003,basic_explanation,2,success,0.211,28.4679,17.9852,7.7181,,34.0,,,,,,data/raw_outputs/hp001_balanced_top8_30prompts_v1/T-0139FDE3C8D6.txt,
hp001_balanced_top8_30prompts_v1,T-D50BB7D73AC0,2026-06-10T15:19:26.622255+00:00,HP-001,ollama,qwen2.5:3b,3B,default,2048,0.2,0.95,4,E003,basic_explanation,3,success,0.1981,28.2051,18.1527,7.7941,,58.8,,,,,,data/raw_outputs/hp001_balanced_top8_30prompts_v1/T-D50BB7D73AC0.txt,
hp001_balanced_top8_30prompts_v1,T-36EE18BFDDFC,2026-06-10T15:19:41.853839+00:00,HP-001,ollama,qwen2.5:3b,3B,default,2048,0.2,0.95,4,E004,coding,1,success,0.2976,28.3993,14.2257,7.8049,,26.7,,,,,,data/raw_outputs/hp001_balanced_top8_30prompts_v1/T-36EE18BFDDFC.txt,
hp001_balanced_top8_30prompts_v1,T-D4429D250C3C,2026-06-10T15:19:57.177883+00:00,HP-001,ollama,qwen2.5:3b,3B,default,2048,0.2,0.95,4,E004,coding,2,success,0.1997,28.4974,14.3171,7.8344,,52.7,,,,,,data/raw_outputs/hp001_balanced_top8_30prompts_v1/T-D4429D250C3C.txt,
hp001_balanced_top8_30prompts_v1,T-CEF1995D48CF,2026-06-10T15:20:11.763081+00:00,HP-001,ollama,qwen2.5:3b,3B,default,2048,0.2,0.95,4,E004,coding,3,success,0.1932,28.3451,13.5826,7.8857,,54.7,,,,,,data/raw_outputs/hp001_balanced_top8_30prompts_v1/T-CEF1995D48CF.txt,
hp001_balanced_top8_30prompts_v1,T-285AF6E7C1B5,2026-06-10T15:20:27.697908+00:00,HP-001,ollama,qwen2.5:3b,3B,default,2048,0.2,0.95,4,E005,coding,1,success,0.29,33.151,14.9317,8.4753,,28.8,,,,,,data/raw_outputs/hp001_balanced_top8_30prompts_v1/T-285AF6E7C1B5.txt,
hp001_balanced_top8_30prompts_v1,T-BA8E278C87E2,2026-06-10T15:20:43.385362+00:00,HP-001,ollama,qwen2.5:3b,3B,default,2048,0.2,0.95,4,E005,coding,2,success,0.1717,34.874,14.6814,9.0515,,72.6,,,,,,data/raw_outputs/hp001_balanced_top8_30prompts_v1/T-BA8E278C87E2.txt,
hp001_balanced_top8_30prompts_v1,T-0A920BFC8383,2026-06-10T15:20:55.812247+00:00,HP-001,ollama,qwen2.5:3b,3B,default,2048,0.2,0.95,4,E005,coding,3,success,0.1676,38.3539,11.42,9.1193,,32.7,,,,,,data/raw_outputs/hp001_balanced_top8_30prompts_v1/T-0A920BFC8383.txt,
hp001_balanced_top8_30prompts_v1,T-006B1704B6D6,2026-06-10T15:21:07.883184+00:00,HP-001,ollama,qwen2.5:3b,3B,default,2048,0.2,0.95,4,E006,coding,1,success,0.2387,37.6862,11.0651,9.0576,,33.7,,,,,,data/raw_outputs/hp001_balanced_top8_30prompts_v1/T-006B1704B6D6.txt,
hp001_balanced_top8_30prompts_v1,T-8FEFF5D3399E,2026-06-10T15:21:19.566428+00:00,HP-001,ollama,qwen2.5:3b,3B,default,2048,0.2,0.95,4,E006,coding,2,success,0.1694,36.0611,10.6763,8.9939,,63.0,,,,,,data/raw_outputs/hp001_balanced_top8_30prompts_v1/T-8FEFF5D3399E.txt,
hp001_balanced_top8_30prompts_v1,T-1586B5966B39,2026-06-10T15:21:34.420425+00:00,HP-001,ollama,qwen2.5:3b,3B,default,2048,0.2,0.95,4,E006,coding,3,success,0.1581,36.966,13.8506,9.1093,,40.7,,,,,,data/raw_outputs/hp001_balanced_top8_30prompts_v1/T-1586B5966B39.txt,
hp001_balanced_top8_30prompts_v1,T-7C1B43AD5275,2026-06-10T15:21:49.308722+00:00,HP-001,ollama,qwen2.5:3b,3B,default,2048,0.2,0.95,4,E007,linux_commands,1,success,0.2371,36.4434,13.8845,8.8846,,37.7,,,,,,data/raw_outputs/hp001_balanced_top8_30prompts_v1/T-7C1B43AD5275.txt,
hp001_balanced_top8_30prompts_v1,T-4C128A892FA6,2026-06-10T15:22:02.719917+00:00,HP-001,ollama,qwen2.5:3b,3B,default,2048,0.2,0.95,4,E007,linux_commands,2,success,0.175,36.5992,12.4046,8.8967,,27.2,,,,,,data/raw_outputs/hp001_balanced_top8_30prompts_v1/T-4C128A892FA6.txt,
hp001_balanced_top8_30prompts_v1,T-6F44F57D71B6,2026-06-10T15:22:16.080221+00:00,HP-001,ollama,qwen2.5:3b,3B,default,2048,0.2,0.95,4,E007,linux_commands,3,success,0.1653,36.829,12.3544,8.909,,19.3,,,,,,data/raw_outputs/hp001_balanced_top8_30prompts_v1/T-6F44F57D71B6.txt,
hp001_balanced_top8_30prompts_v1,T-FAF951A30E79,2026-06-10T15:22:31.105250+00:00,HP-001,ollama,qwen2.5:3b,3B,default,2048,0.2,0.95,4,E008,linux_commands,1,success,0.2248,36.5217,14.0191,8.9251,,17.0,,,,,,data/raw_outputs/hp001_balanced_top8_30prompts_v1/T-FAF951A30E79.txt,
hp001_balanced_top8_30prompts_v1,T-B0FFF30E0CB2,2026-06-10T15:22:43.073616+00:00,HP-001,ollama,qwen2.5:3b,3B,default,2048,0.2,0.95,4,E008,linux_commands,2,success,0.1656,37.2157,10.9631,9.0127,,17.8,,,,,,data/raw_outputs/hp001_balanced_top8_30prompts_v1/T-B0FFF30E0CB2.txt,
hp001_balanced_top8_30prompts_v1,T-05D4AFADEBEB,2026-06-10T15:22:53.957949+00:00,HP-001,ollama,qwen2.5:3b,3B,default,2048,0.2,0.95,4,E008,linux_commands,3,success,0.1622,37.5567,9.8784,8.9304,,29.5,,,,,,data/raw_outputs/hp001_balanced_top8_30prompts_v1/T-05D4AFADEBEB.txt,
hp001_balanced_top8_30prompts_v1,T-1FA9DC6C6C7B,2026-06-10T15:23:08.948298+00:00,HP-001,ollama,qwen2.5:3b,3B,default,2048,0.2,0.95,4,E009,linux_commands,1,success,0.245,36.6121,13.9844,9.0032,,50.0,,,,,,data/raw_outputs/hp001_balanced_top8_30prompts_v1/T-1FA9DC6C6C7B.txt,
hp001_balanced_top8_30prompts_v1,T-8027F5FFE44C,2026-06-10T15:23:23.725319+00:00,HP-001,ollama,qwen2.5:3b,3B,default,2048,0.2,0.95,4,E009,linux_commands,2,success,0.1565,37.1793,13.7711,8.9308,,25.0,,,,,,data/raw_outputs/hp001_balanced_top8_30prompts_v1/T-8027F5FFE44C.txt,
hp001_balanced_top8_30prompts_v1,T-E48606203AF3,2026-06-10T15:23:38.480348+00:00,HP-001,ollama,qwen2.5:3b,3B,default,2048,0.2,0.95,4,E009,linux_commands,3,success,0.1606,37.2429,13.7476,8.9433,,19.0,,,,,,data/raw_outputs/hp001_balanced_top8_30prompts_v1/T-E48606203AF3.txt,
hp001_balanced_top8_30prompts_v1,T-4CE3F355CDEC,2026-06-10T15:23:53.336406+00:00,HP-001,ollama,qwen2.5:3b,3B,default,2048,0.2,0.95,4,E010,debugging,1,success,0.2276,36.9668,13.8503,8.9549,,25.2,,,,,,data/raw_outputs/hp001_balanced_top8_30prompts_v1/T-4CE3F355CDEC.txt,
hp001_balanced_top8_30prompts_v1,T-0F9C841DB7AB,2026-06-10T15:24:08.086402+00:00,HP-001,ollama,qwen2.5:3b,3B,default,2048,0.2,0.95,4,E010,debugging,2,success,0.1655,37.253,13.7438,8.9834,,37.0,,,,,,data/raw_outputs/hp001_balanced_top8_30prompts_v1/T-0F9C841DB7AB.txt,
hp001_balanced_top8_30prompts_v1,T-0033FFD2DAD0,2026-06-10T15:24:23.494659+00:00,HP-001,ollama,qwen2.5:3b,3B,default,2048,0.2,0.95,4,E010,debugging,3,success,0.1674,35.5441,14.4046,9.1073,,24.8,,,,,,data/raw_outputs/hp001_balanced_top8_30prompts_v1/T-0033FFD2DAD0.txt,
hp001_balanced_top8_30prompts_v1,T-1C866411F299,2026-06-10T15:24:38.936330+00:00,HP-001,ollama,qwen2.5:3b,3B,default,2048,0.2,0.95,4,E011,debugging,1,success,0.2312,35.4655,14.4366,9.1859,,44.3,,,,,,data/raw_outputs/hp001_balanced_top8_30prompts_v1/T-1C866411F299.txt,
hp001_balanced_top8_30prompts_v1,T-AE9B713B5749,2026-06-10T15:24:53.620570+00:00,HP-001,ollama,qwen2.5:3b,3B,default,2048,0.2,0.95,4,E011,debugging,2,success,0.1657,37.431,13.6785,9.058,,28.8,,,,,,data/raw_outputs/hp001_balanced_top8_30prompts_v1/T-AE9B713B5749.txt,
hp001_balanced_top8_30prompts_v1,T-B61990BBE394,2026-06-10T15:25:08.980586+00:00,HP-001,ollama,qwen2.5:3b,3B,default,2048,0.2,0.95,4,E011,debugging,3,success,0.1651,35.6679,14.3546,9.1952,,24.5,,,,,,data/raw_outputs/hp001_balanced_top8_30prompts_v1/T-B61990BBE394.txt,
hp001_balanced_top8_30prompts_v1,T-C8D7CB96B871,2026-06-10T15:25:24.450675+00:00,HP-001,ollama,qwen2.5:3b,3B,default,2048,0.2,0.95,4,E012,debugging,1,success,0.2418,35.3979,14.4641,9.2461,,28.7,,,,,,data/raw_outputs/hp001_balanced_top8_30prompts_v1/T-C8D7CB96B871.txt,
hp001_balanced_top8_30prompts_v1,T-FFB07345D7A7,2026-06-10T15:25:39.959359+00:00,HP-001,ollama,qwen2.5:3b,3B,default,2048,0.2,0.95,4,E012,debugging,2,success,0.1671,35.3037,14.5027,9.1376,,32.1,,,,,,data/raw_outputs/hp001_balanced_top8_30prompts_v1/T-FFB07345D7A7.txt,
hp001_balanced_top8_30prompts_v1,T-20A96B4CEDF8,2026-06-10T15:25:54.884756+00:00,HP-001,ollama,qwen2.5:3b,3B,default,2048,0.2,0.95,4,E012,debugging,3,success,0.1596,36.781,13.9202,9.013,,26.7,,,,,,data/raw_outputs/hp001_balanced_top8_30prompts_v1/T-20A96B4CEDF8.txt,
hp001_balanced_top8_30prompts_v1,T-ED1B02BFD270,2026-06-10T15:26:04.881881+00:00,HP-001,ollama,qwen2.5:3b,3B,default,2048,0.2,0.95,4,E013,summarization,1,success,0.2437,37.0364,8.9911,8.861,,15.4,,,,,,data/raw_outputs/hp001_balanced_top8_30prompts_v1/T-ED1B02BFD270.txt,
hp001_balanced_top8_30prompts_v1,T-28793C8F925B,2026-06-10T15:26:16.082643+00:00,HP-001,ollama,qwen2.5:3b,3B,default,2048,0.2,0.95,4,E013,summarization,2,success,0.1566,37.1678,10.197,8.8206,,17.9,,,,,,data/raw_outputs/hp001_balanced_top8_30prompts_v1/T-28793C8F925B.txt,
hp001_balanced_top8_30prompts_v1,T-FBBA77C94641,2026-06-10T15:26:27.965567+00:00,HP-001,ollama,qwen2.5:3b,3B,default,2048,0.2,0.95,4,E013,summarization,3,success,0.1544,35.3982,10.8763,9.064,,26.4,,,,,,data/raw_outputs/hp001_balanced_top8_30prompts_v1/T-FBBA77C94641.txt,
hp001_balanced_top8_30prompts_v1,T-9D25D15392E8,2026-06-10T15:26:38.720084+00:00,HP-001,ollama,qwen2.5:3b,3B,default,2048,0.2,0.95,4,E014,summarization,1,success,0.239,36.9294,9.7483,8.8961,,15.9,,,,,,data/raw_outputs/hp001_balanced_top8_30prompts_v1/T-9D25D15392E8.txt,
hp001_balanced_top8_30prompts_v1,T-C677D8A31D95,2026-06-10T15:26:48.822439+00:00,HP-001,ollama,qwen2.5:3b,3B,default,2048,0.2,0.95,4,E014,summarization,2,success,0.1511,37.3672,9.0989,9.0537,,25.2,,,,,,data/raw_outputs/hp001_balanced_top8_30prompts_v1/T-C677D8A31D95.txt,
hp001_balanced_top8_30prompts_v1,T-46E41A175C9B,2026-06-10T15:27:00.051659+00:00,HP-001,ollama,qwen2.5:3b,3B,default,2048,0.2,0.95,4,E014,summarization,3,success,0.1626,36.3901,10.2225,8.934,,17.0,,,,,,data/raw_outputs/hp001_balanced_top8_30prompts_v1/T-46E41A175C9B.txt,
hp001_balanced_top8_30prompts_v1,T-481B0F560B15,2026-06-10T15:27:04.520840+00:00,HP-001,ollama,qwen2.5:3b,3B,default,2048,0.2,0.95,4,E015,summarization,1,success,0.1661,36.9693,3.4623,9.0278,,17.6,,,,,,data/raw_outputs/hp001_balanced_top8_30prompts_v1/T-481B0F560B15.txt,
hp001_balanced_top8_30prompts_v1,T-1A512105F904,2026-06-10T15:27:08.450528+00:00,HP-001,ollama,qwen2.5:3b,3B,default,2048,0.2,0.95,4,E015,summarization,2,success,0.1629,40.0154,2.9239,9.065,,23.5,,,,,,data/raw_outputs/hp001_balanced_top8_30prompts_v1/T-1A512105F904.txt,
hp001_balanced_top8_30prompts_v1,T-82971619B161,2026-06-10T15:27:12.642375+00:00,HP-001,ollama,qwen2.5:3b,3B,default,2048,0.2,0.95,4,E015,summarization,3,success,0.1662,39.5473,3.1861,8.8947,,19.6,,,,,,data/raw_outputs/hp001_balanced_top8_30prompts_v1/T-82971619B161.txt,
hp001_balanced_top8_30prompts_v1,T-C3AB6D3B8849,2026-06-10T15:27:23.034482+00:00,HP-001,ollama,qwen2.5:3b,3B,default,2048,0.2,0.95,4,E016,reasoning,1,success,0.234,36.8586,9.3872,8.9308,,16.7,,,,,,data/raw_outputs/hp001_balanced_top8_30prompts_v1/T-C3AB6D3B8849.txt,
hp001_balanced_top8_30prompts_v1,T-040A8323D868,2026-06-10T15:27:34.555286+00:00,HP-001,ollama,qwen2.5:3b,3B,default,2048,0.2,0.95,4,E016,reasoning,2,success,0.1651,37.2814,10.5146,8.8724,,14.8,,,,,,data/raw_outputs/hp001_balanced_top8_30prompts_v1/T-040A8323D868.txt,
hp001_balanced_top8_30prompts_v1,T-7CE9E5CF72A8,2026-06-10T15:27:44.695776+00:00,HP-001,ollama,qwen2.5:3b,3B,default,2048,0.2,0.95,4,E016,reasoning,3,success,0.1629,37.6593,9.1345,9.0124,,20.0,,,,,,data/raw_outputs/hp001_balanced_top8_30prompts_v1/T-7CE9E5CF72A8.txt,
hp001_balanced_top8_30prompts_v1,T-8055923DA9F9,2026-06-10T15:27:59.596701+00:00,HP-001,ollama,qwen2.5:3b,3B,default,2048,0.2,0.95,4,E017,reasoning,1,success,0.2297,36.8424,13.897,8.8694,,16.3,,,,,,data/raw_outputs/hp001_balanced_top8_30prompts_v1/T-8055923DA9F9.txt,
hp001_balanced_top8_30prompts_v1,T-476B420EDABA,2026-06-10T15:28:14.538112+00:00,HP-001,ollama,qwen2.5:3b,3B,default,2048,0.2,0.95,4,E017,reasoning,2,success,0.1582,36.7334,13.9383,8.9077,,19.0,,,,,,data/raw_outputs/hp001_balanced_top8_30prompts_v1/T-476B420EDABA.txt,
hp001_balanced_top8_30prompts_v1,T-03503CB5A3D0,2026-06-10T15:28:31.849688+00:00,HP-001,ollama,qwen2.5:3b,3B,default,2048,0.2,0.95,4,E017,reasoning,3,success,0.163,31.401,16.3052,9.3939,,74.0,,,,,,data/raw_outputs/hp001_balanced_top8_30prompts_v1/T-03503CB5A3D0.txt,
hp001_balanced_top8_30prompts_v1,T-67C622625EC8,2026-06-10T15:28:50.119012+00:00,HP-001,ollama,qwen2.5:3b,3B,default,2048,0.2,0.95,4,E018,reasoning,1,success,0.2898,25.3159,17.2619,9.0449,,33.0,,,,,,data/raw_outputs/hp001_balanced_top8_30prompts_v1/T-67C622625EC8.txt,
hp001_balanced_top8_30prompts_v1,T-36EF6BB18A7A,2026-06-10T15:29:04.936080+00:00,HP-001,ollama,qwen2.5:3b,3B,default,2048,0.2,0.95,4,E018,reasoning,2,success,0.1888,26.2754,13.8152,8.9952,,29.8,,,,,,data/raw_outputs/hp001_balanced_top8_30prompts_v1/T-36EF6BB18A7A.txt,
hp001_balanced_top8_30prompts_v1,T-C06FA72ACA52,2026-06-10T15:29:17.751232+00:00,HP-001,ollama,qwen2.5:3b,3B,default,2048,0.2,0.95,4,E018,reasoning,3,success,0.1932,26.9181,11.8136,9.0762,,24.0,,,,,,data/raw_outputs/hp001_balanced_top8_30prompts_v1/T-C06FA72ACA52.txt,
hp001_balanced_top8_30prompts_v1,T-EEF954FBEE31,2026-06-10T15:29:37.742333+00:00,HP-001,ollama,qwen2.5:3b,3B,default,2048,0.2,0.95,4,E019,planning,1,success,0.2999,26.97,18.9841,9.0893,,27.5,,,,,,data/raw_outputs/hp001_balanced_top8_30prompts_v1/T-EEF954FBEE31.txt,
hp001_balanced_top8_30prompts_v1,T-FACF34CC4CEB,2026-06-10T15:29:57.365358+00:00,HP-001,ollama,qwen2.5:3b,3B,default,2048,0.2,0.95,4,E019,planning,2,success,0.1909,27.5028,18.6163,8.9896,,23.4,,,,,,data/raw_outputs/hp001_balanced_top8_30prompts_v1/T-FACF34CC4CEB.txt,
hp001_balanced_top8_30prompts_v1,T-E7791D79607B,2026-06-10T15:30:16.937215+00:00,HP-001,ollama,qwen2.5:3b,3B,default,2048,0.2,0.95,4,E019,planning,3,success,0.205,27.577,18.5662,9.0002,,28.6,,,,,,data/raw_outputs/hp001_balanced_top8_30prompts_v1/T-E7791D79607B.txt,
hp001_balanced_top8_30prompts_v1,T-DF08FCA94603,2026-06-10T15:30:36.667139+00:00,HP-001,ollama,qwen2.5:3b,3B,default,2048,0.2,0.95,4,E020,planning,1,success,0.3033,27.3411,18.7264,8.9997,,25.5,,,,,,data/raw_outputs/hp001_balanced_top8_30prompts_v1/T-DF08FCA94603.txt,
hp001_balanced_top8_30prompts_v1,T-7D56DB00676F,2026-06-10T15:30:56.335688+00:00,HP-001,ollama,qwen2.5:3b,3B,default,2048,0.2,0.95,4,E020,planning,2,success,0.199,27.4355,18.6619,9.0069,,27.9,,,,,,data/raw_outputs/hp001_balanced_top8_30prompts_v1/T-7D56DB00676F.txt,
hp001_balanced_top8_30prompts_v1,T-752D5A3BA75B,2026-06-10T15:31:16.081274+00:00,HP-001,ollama,qwen2.5:3b,3B,default,2048,0.2,0.95,4,E020,planning,3,success,0.1934,27.3228,18.7389,9.0179,,32.7,,,,,,data/raw_outputs/hp001_balanced_top8_30prompts_v1/T-752D5A3BA75B.txt,
hp001_balanced_top8_30prompts_v1,T-D03A7400FCCB,2026-06-10T15:31:35.967233+00:00,HP-001,ollama,qwen2.5:3b,3B,default,2048,0.2,0.95,4,E021,planning,1,success,0.2997,27.1195,18.8794,9.0266,,30.1,,,,,,data/raw_outputs/hp001_balanced_top8_30prompts_v1/T-D03A7400FCCB.txt,
hp001_balanced_top8_30prompts_v1,T-1014D59F240C,2026-06-10T15:31:55.810473+00:00,HP-001,ollama,qwen2.5:3b,3B,default,2048,0.2,0.95,4,E021,planning,2,success,0.1933,27.1785,18.8384,9.033,,42.9,,,,,,data/raw_outputs/hp001_balanced_top8_30prompts_v1/T-1014D59F240C.txt,
hp001_balanced_top8_30prompts_v1,T-3C743AA69A56,2026-06-10T15:32:15.744061+00:00,HP-001,ollama,qwen2.5:3b,3B,default,2048,0.2,0.95,4,E021,planning,3,success,0.1983,27.0511,18.9271,9.0296,,24.1,,,,,,data/raw_outputs/hp001_balanced_top8_30prompts_v1/T-3C743AA69A56.txt,
hp001_balanced_top8_30prompts_v1,T-B8D56E929EC0,2026-06-10T15:32:29.423370+00:00,HP-001,ollama,qwen2.5:3b,3B,default,2048,0.2,0.95,4,E022,safety_refusal,1,success,0.2999,26.8303,12.6722,9.0408,,26.0,,,,,,data/raw_outputs/hp001_balanced_top8_30prompts_v1/T-B8D56E929EC0.txt,
hp001_balanced_top8_30prompts_v1,T-7BEB5537F6D6,2026-06-10T15:32:39.966646+00:00,HP-001,ollama,qwen2.5:3b,3B,default,2048,0.2,0.95,4,E022,safety_refusal,2,success,0.2038,27.1583,9.5367,9.0375,,26.4,,,,,,data/raw_outputs/hp001_balanced_top8_30prompts_v1/T-7BEB5537F6D6.txt,
hp001_balanced_top8_30prompts_v1,T-8E075F97C3AE,2026-06-10T15:32:47.915463+00:00,HP-001,ollama,qwen2.5:3b,3B,default,2048,0.2,0.95,4,E022,safety_refusal,3,success,0.1902,27.2249,6.9422,9.1069,,25.2,,,,,,data/raw_outputs/hp001_balanced_top8_30prompts_v1/T-8E075F97C3AE.txt,
hp001_balanced_top8_30prompts_v1,T-CA33F9BCA8FB,2026-06-10T15:32:52.500027+00:00,HP-001,ollama,qwen2.5:3b,3B,default,2048,0.2,0.95,4,E023,safety_refusal,1,success,0.2961,27.0779,3.5823,9.1148,,27.8,,,,,,data/raw_outputs/hp001_balanced_top8_30prompts_v1/T-CA33F9BCA8FB.txt,
hp001_balanced_top8_30prompts_v1,T-A4B2E6F42BB2,2026-06-10T15:32:58.290508+00:00,HP-001,ollama,qwen2.5:3b,3B,default,2048,0.2,0.95,4,E023,safety_refusal,2,success,0.1925,27.1749,4.7838,9.074,,26.2,,,,,,data/raw_outputs/hp001_balanced_top8_30prompts_v1/T-A4B2E6F42BB2.txt,
hp001_balanced_top8_30prompts_v1,T-38F4CB7674A7,2026-06-10T15:33:04.173878+00:00,HP-001,ollama,qwen2.5:3b,3B,default,2048,0.2,0.95,4,E023,safety_refusal,3,success,0.1878,27.0519,4.8795,9.0574,,30.1,,,,,,data/raw_outputs/hp001_balanced_top8_30prompts_v1/T-38F4CB7674A7.txt,
hp001_balanced_top8_30prompts_v1,T-0C4EA2B85094,2026-06-10T15:33:15.847362+00:00,HP-001,ollama,qwen2.5:3b,3B,default,2048,0.2,0.95,4,E024,safety_refusal,1,success,0.304,26.9988,10.6672,9.0496,,24.1,,,,,,data/raw_outputs/hp001_balanced_top8_30prompts_v1/T-0C4EA2B85094.txt,
hp001_balanced_top8_30prompts_v1,T-CAE9A85AD4DB,2026-06-10T15:33:30.134053+00:00,HP-001,ollama,qwen2.5:3b,3B,default,2048,0.2,0.95,4,E024,safety_refusal,2,success,0.1916,26.7242,13.2838,9.308,,60.2,,,,,,data/raw_outputs/hp001_balanced_top8_30prompts_v1/T-CAE9A85AD4DB.txt,
hp001_balanced_top8_30prompts_v1,T-7075D850D2EC,2026-06-10T15:33:46.461674+00:00,HP-001,ollama,qwen2.5:3b,3B,default,2048,0.2,0.95,4,E024,safety_refusal,3,success,0.1902,25.7838,15.3197,9.2619,,73.6,,,,,,data/raw_outputs/hp001_balanced_top8_30prompts_v1/T-7075D850D2EC.txt,
hp001_balanced_top8_30prompts_v1,T-2716CDA63B4F,2026-06-10T15:34:04.308360+00:00,HP-001,ollama,qwen2.5:3b,3B,default,2048,0.2,0.95,4,E025,local_assistant_tasks,1,success,0.2628,23.7006,16.835,9.2887,,71.8,,,,,,data/raw_outputs/hp001_balanced_top8_30prompts_v1/T-2716CDA63B4F.txt,
hp001_balanced_top8_30prompts_v1,T-19AEF8304AE8,2026-06-10T15:34:24.452505+00:00,HP-001,ollama,qwen2.5:3b,3B,default,2048,0.2,0.95,4,E025,local_assistant_tasks,2,success,0.1904,26.7597,19.1332,9.2436,,25.9,,,,,,data/raw_outputs/hp001_balanced_top8_30prompts_v1/T-19AEF8304AE8.txt,
hp001_balanced_top8_30prompts_v1,T-810624F77B47,2026-06-10T15:34:45.162798+00:00,HP-001,ollama,qwen2.5:3b,3B,default,2048,0.2,0.95,4,E025,local_assistant_tasks,3,success,0.1934,25.8404,19.6978,9.4944,,36.8,,,,,,data/raw_outputs/hp001_balanced_top8_30prompts_v1/T-810624F77B47.txt,
hp001_balanced_top8_30prompts_v1,T-F2CE1082CE39,2026-06-10T15:35:02.545448+00:00,HP-001,ollama,qwen2.5:3b,3B,default,2048,0.2,0.95,4,E026,local_assistant_tasks,1,success,0.289,25.9622,16.37,9.5348,,30.9,,,,,,data/raw_outputs/hp001_balanced_top8_30prompts_v1/T-F2CE1082CE39.txt,
hp001_balanced_top8_30prompts_v1,T-CCE2F453117E,2026-06-10T15:35:19.135041+00:00,HP-001,ollama,qwen2.5:3b,3B,default,2048,0.2,0.95,4,E026,local_assistant_tasks,2,success,0.2015,26.8919,15.5809,9.2309,,22.7,,,,,,data/raw_outputs/hp001_balanced_top8_30prompts_v1/T-CCE2F453117E.txt,
hp001_balanced_top8_30prompts_v1,T-D7904F4069F8,2026-06-10T15:35:37.227300+00:00,HP-001,ollama,qwen2.5:3b,3B,default,2048,0.2,0.95,4,E026,local_assistant_tasks,3,success,0.1971,26.8137,17.0808,9.1185,,33.0,,,,,,data/raw_outputs/hp001_balanced_top8_30prompts_v1/T-D7904F4069F8.txt,
hp001_balanced_top8_30prompts_v1,T-6DCE52ED98D4,2026-06-10T15:35:57.373802+00:00,HP-001,ollama,qwen2.5:3b,3B,default,2048,0.2,0.95,4,E027,local_assistant_tasks,1,success,0.3007,26.7496,19.1405,9.138,,29.4,,,,,,data/raw_outputs/hp001_balanced_top8_30prompts_v1/T-6DCE52ED98D4.txt,
hp001_balanced_top8_30prompts_v1,T-8E13114A7387,2026-06-10T15:36:18.173484+00:00,HP-001,ollama,qwen2.5:3b,3B,default,2048,0.2,0.95,4,E027,local_assistant_tasks,2,success,0.2133,25.8742,19.7881,9.253,,54.5,,,,,,data/raw_outputs/hp001_balanced_top8_30prompts_v1/T-8E13114A7387.txt,
hp001_balanced_top8_30prompts_v1,T-F0A4461CD7E7,2026-06-10T15:36:38.120296+00:00,HP-001,ollama,qwen2.5:3b,3B,default,2048,0.2,0.95,4,E027,local_assistant_tasks,3,success,0.1859,27.0275,18.9436,9.214,,25.7,,,,,,data/raw_outputs/hp001_balanced_top8_30prompts_v1/T-F0A4461CD7E7.txt,
hp001_balanced_top8_30prompts_v1,T-4A8D5443E9F2,2026-06-10T15:36:58.140416+00:00,HP-001,ollama,qwen2.5:3b,3B,default,2048,0.2,0.95,4,E028,command_explanation,1,success,0.2864,26.6079,19.0169,9.2524,,30.5,,,,,,data/raw_outputs/hp001_balanced_top8_30prompts_v1/T-4A8D5443E9F2.txt,
hp001_balanced_top8_30prompts_v1,T-82985FC5AFEE,2026-06-10T15:37:17.713492+00:00,HP-001,ollama,qwen2.5:3b,3B,default,2048,0.2,0.95,4,E028,command_explanation,2,success,0.1881,26.9788,18.5701,9.2218,,34.9,,,,,,data/raw_outputs/hp001_balanced_top8_30prompts_v1/T-82985FC5AFEE.txt,
hp001_balanced_top8_30prompts_v1,T-7EB5346BEDED,2026-06-10T15:37:31.665025+00:00,HP-001,ollama,qwen2.5:3b,3B,default,2048,0.2,0.95,4,E028,command_explanation,3,success,0.1918,27.0406,12.9435,9.2215,,25.7,,,,,,data/raw_outputs/hp001_balanced_top8_30prompts_v1/T-7EB5346BEDED.txt,
hp001_balanced_top8_30prompts_v1,T-330CA4E91289,2026-06-10T15:37:51.772792+00:00,HP-001,ollama,qwen2.5:3b,3B,default,2048,0.2,0.95,4,E029,command_explanation,1,success,0.2759,26.8099,19.0974,9.2189,,38.2,,,,,,data/raw_outputs/hp001_balanced_top8_30prompts_v1/T-330CA4E91289.txt,
hp001_balanced_top8_30prompts_v1,T-B824CC571C3D,2026-06-10T15:38:11.907441+00:00,HP-001,ollama,qwen2.5:3b,3B,default,2048,0.2,0.95,4,E029,command_explanation,2,success,0.1925,26.7865,19.1141,9.215,,27.6,,,,,,data/raw_outputs/hp001_balanced_top8_30prompts_v1/T-B824CC571C3D.txt,
hp001_balanced_top8_30prompts_v1,T-42FB3FE7240A,2026-06-10T15:38:32.153497+00:00,HP-001,ollama,qwen2.5:3b,3B,default,2048,0.2,0.95,4,E029,command_explanation,3,success,0.2004,26.6157,19.2367,9.2187,,41.0,,,,,,data/raw_outputs/hp001_balanced_top8_30prompts_v1/T-42FB3FE7240A.txt,
hp001_balanced_top8_30prompts_v1,T-505FAAD679F4,2026-06-10T15:38:46.679169+00:00,HP-001,ollama,qwen2.5:3b,3B,default,2048,0.2,0.95,4,E030,command_explanation,1,success,0.2981,26.5549,13.5192,9.2251,,28.3,,,,,,data/raw_outputs/hp001_balanced_top8_30prompts_v1/T-505FAAD679F4.txt,
hp001_balanced_top8_30prompts_v1,T-A2A2B7FDE548,2026-06-10T15:39:01.548972+00:00,HP-001,ollama,qwen2.5:3b,3B,default,2048,0.2,0.95,4,E030,command_explanation,2,success,0.1953,26.5457,13.8629,9.2171,,40.6,,,,,,data/raw_outputs/hp001_balanced_top8_30prompts_v1/T-A2A2B7FDE548.txt,
hp001_balanced_top8_30prompts_v1,T-5CBDFA10F025,2026-06-10T15:39:19.683038+00:00,HP-001,ollama,qwen2.5:3b,3B,default,2048,0.2,0.95,4,E030,command_explanation,3,success,0.1981,26.5088,17.1264,9.244,,26.0,,,,,,data/raw_outputs/hp001_balanced_top8_30prompts_v1/T-5CBDFA10F025.txt,
hp001_balanced_top8_30prompts_v1,T-096FB9CAF210,2026-06-10T15:39:43.387143+00:00,HP-001,ollama,mistral:7b,7B,default,2048,0.7,0.95,4,E001,basic_explanation,1,success,0.1044,14.0222,9.6276,10.3042,,23.1,,,,,,data/raw_outputs/hp001_balanced_top8_30prompts_v1/T-096FB9CAF210.txt,
hp001_balanced_top8_30prompts_v1,T-98C583309DFD,2026-06-10T15:39:53.226877+00:00,HP-001,ollama,mistral:7b,7B,default,2048,0.7,0.95,4,E001,basic_explanation,2,success,0.1277,14.0387,8.8327,10.2619,,24.8,,,,,,data/raw_outputs/hp001_balanced_top8_30prompts_v1/T-98C583309DFD.txt,
hp001_balanced_top8_30prompts_v1,T-53B3802E27CF,2026-06-10T15:40:03.192065+00:00,HP-001,ollama,mistral:7b,7B,default,2048,0.7,0.95,4,E001,basic_explanation,3,success,0.1209,14.0576,8.9631,10.2712,,24.5,,,,,,data/raw_outputs/hp001_balanced_top8_30prompts_v1/T-53B3802E27CF.txt,
hp001_balanced_top8_30prompts_v1,T-A0DF1C8C8221,2026-06-10T15:40:20.242257+00:00,HP-001,ollama,mistral:7b,7B,default,2048,0.7,0.95,4,E002,basic_explanation,1,success,0.5327,13.7119,16.0444,10.2701,,20.4,,,,,,data/raw_outputs/hp001_balanced_top8_30prompts_v1/T-A0DF1C8C8221.txt,
hp001_balanced_top8_30prompts_v1,T-0C36C631B63B,2026-06-10T15:40:40.402096+00:00,HP-001,ollama,mistral:7b,7B,default,2048,0.7,0.95,4,E002,basic_explanation,2,success,0.1217,13.993,19.1525,10.274,,23.8,,,,,,data/raw_outputs/hp001_balanced_top8_30prompts_v1/T-0C36C631B63B.txt,
hp001_balanced_top8_30prompts_v1,T-48064FC75DA4,2026-06-10T15:41:00.802686+00:00,HP-001,ollama,mistral:7b,7B,default,2048,0.7,0.95,4,E002,basic_explanation,3,success,0.1251,13.8703,19.394,10.2669,,25.5,,,,,,data/raw_outputs/hp001_balanced_top8_30prompts_v1/T-48064FC75DA4.txt,
hp001_balanced_top8_30prompts_v1,T-7F8C4BC3F279,2026-06-10T15:41:35.499223+00:00,HP-001,ollama,mistral:7b,7B,default,2048,0.7,0.95,4,E003,basic_explanation,1,success,0.3066,13.8305,33.6937,10.3208,,30.8,,,,,,data/raw_outputs/hp001_balanced_top8_30prompts_v1/T-7F8C4BC3F279.txt,
hp001_balanced_top8_30prompts_v1,T-12F4A0505E5B,2026-06-10T15:42:13.325744+00:00,HP-001,ollama,mistral:7b,7B,default,2048,0.7,0.95,4,E003,basic_explanation,2,success,0.1298,13.9062,36.8181,10.3242,,25.0,,,,,,data/raw_outputs/hp001_balanced_top8_30prompts_v1/T-12F4A0505E5B.txt,
hp001_balanced_top8_30prompts_v1,T-3FAF56D6B88E,2026-06-10T15:42:51.094560+00:00,HP-001,ollama,mistral:7b,7B,default,2048,0.7,0.95,4,E003,basic_explanation,3,success,0.1262,13.9277,36.7612,10.2744,,28.3,,,,,,data/raw_outputs/hp001_balanced_top8_30prompts_v1/T-3FAF56D6B88E.txt,
hp001_balanced_top8_30prompts_v1,T-6D7250721D34,2026-06-10T15:43:16.713206+00:00,HP-001,ollama,mistral:7b,7B,default,2048,0.7,0.95,4,E004,coding,1,success,0.3136,14.0558,24.6162,10.2753,,23.6,,,,,,data/raw_outputs/hp001_balanced_top8_30prompts_v1/T-6D7250721D34.txt,
hp001_balanced_top8_30prompts_v1,T-338960966570,2026-06-10T15:43:36.138781+00:00,HP-001,ollama,mistral:7b,7B,default,2048,0.7,0.95,4,E004,coding,2,success,0.1323,14.0067,18.4197,10.2817,,60.0,,,,,,data/raw_outputs/hp001_balanced_top8_30prompts_v1/T-338960966570.txt,
hp001_balanced_top8_30prompts_v1,T-1E46E6062308,2026-06-10T15:43:55.696677+00:00,HP-001,ollama,mistral:7b,7B,default,2048,0.7,0.95,4,E004,coding,3,success,0.124,14.0725,18.5468,10.2772,,25.0,,,,,,data/raw_outputs/hp001_balanced_top8_30prompts_v1/T-1E46E6062308.txt,
hp001_balanced_top8_30prompts_v1,T-5AC31B1753B6,2026-06-10T15:44:26.491962+00:00,HP-001,ollama,mistral:7b,7B,default,2048,0.7,0.95,4,E005,coding,1,success,0.3138,13.9649,29.789,10.273,,29.3,,,,,,data/raw_outputs/hp001_balanced_top8_30prompts_v1/T-5AC31B1753B6.txt,
hp001_balanced_top8_30prompts_v1,T-D39338D22814,2026-06-10T15:44:49.398028+00:00,HP-001,ollama,mistral:7b,7B,default,2048,0.7,0.95,4,E005,coding,2,success,0.1219,14.1128,21.895,10.2575,,24.3,,,,,,data/raw_outputs/hp001_balanced_top8_30prompts_v1/T-D39338D22814.txt,
hp001_balanced_top8_30prompts_v1,T-3D2B8F471128,2026-06-10T15:45:13.828292+00:00,HP-001,ollama,mistral:7b,7B,default,2048,0.7,0.95,4,E005,coding,3,success,0.1287,14.1318,23.4223,10.2276,,27.3,,,,,,data/raw_outputs/hp001_balanced_top8_30prompts_v1/T-3D2B8F471128.txt,
hp001_balanced_top8_30prompts_v1,T-0565AC1DC7CE,2026-06-10T15:45:39.221377+00:00,HP-001,ollama,mistral:7b,7B,default,2048,0.7,0.95,4,E006,coding,1,success,0.3459,14.0635,24.3895,10.239,,21.2,,,,,,data/raw_outputs/hp001_balanced_top8_30prompts_v1/T-0565AC1DC7CE.txt,
hp001_balanced_top8_30prompts_v1,T-9CA88015AD7D,2026-06-10T15:46:11.097264+00:00,HP-001,ollama,mistral:7b,7B,default,2048,0.7,0.95,4,E006,coding,2,success,0.1244,14.0617,30.8639,10.2407,,35.9,,,,,,data/raw_outputs/hp001_balanced_top8_30prompts_v1/T-9CA88015AD7D.txt,
hp001_balanced_top8_30prompts_v1,T-DA4291419D93,2026-06-10T15:46:35.155769+00:00,HP-001,ollama,mistral:7b,7B,default,2048,0.7,0.95,4,E006,coding,3,success,0.1301,14.0542,23.0536,10.3183,,29.7,,,,,,data/raw_outputs/hp001_balanced_top8_30prompts_v1/T-DA4291419D93.txt,
hp001_balanced_top8_30prompts_v1,T-BD9E3879DCE4,2026-06-10T15:46:55.440044+00:00,HP-001,ollama,mistral:7b,7B,default,2048,0.7,0.95,4,E007,linux_commands,1,success,0.3051,14.0102,19.2717,10.2303,,21.9,,,,,,data/raw_outputs/hp001_balanced_top8_30prompts_v1/T-BD9E3879DCE4.txt,
hp001_balanced_top8_30prompts_v1,T-06B9F5D8E8AD,2026-06-10T15:47:21.433840+00:00,HP-001,ollama,mistral:7b,7B,default,2048,0.7,0.95,4,E007,linux_commands,2,success,0.1269,14.0072,24.9871,10.3181,,23.1,,,,,,data/raw_outputs/hp001_balanced_top8_30prompts_v1/T-06B9F5D8E8AD.txt,
hp001_balanced_top8_30prompts_v1,T-2C477DFDB5C6,2026-06-10T15:47:44.310024+00:00,HP-001,ollama,mistral:7b,7B,default,2048,0.7,0.95,4,E007,linux_commands,3,success,0.1279,14.0405,21.8653,10.3176,,34.3,,,,,,data/raw_outputs/hp001_balanced_top8_30prompts_v1/T-2C477DFDB5C6.txt,
hp001_balanced_top8_30prompts_v1,T-E400C8C62BDD,2026-06-10T15:48:13.491942+00:00,HP-001,ollama,mistral:7b,7B,default,2048,0.7,0.95,4,E008,linux_commands,1,success,0.438,13.9156,28.1698,10.3147,,20.4,,,,,,data/raw_outputs/hp001_balanced_top8_30prompts_v1/T-E400C8C62BDD.txt,
hp001_balanced_top8_30prompts_v1,T-CFAB0743458E,2026-06-10T15:48:43.757438+00:00,HP-001,ollama,mistral:7b,7B,default,2048,0.7,0.95,4,E008,linux_commands,2,success,0.1473,14.0812,29.2588,10.2369,,23.4,,,,,,data/raw_outputs/hp001_balanced_top8_30prompts_v1/T-CFAB0743458E.txt,
hp001_balanced_top8_30prompts_v1,T-DC194655530C,2026-06-10T15:49:12.435667+00:00,HP-001,ollama,mistral:7b,7B,default,2048,0.7,0.95,4,E008,linux_commands,3,success,0.1296,14.0562,27.6745,10.2444,,23.1,,,,,,data/raw_outputs/hp001_balanced_top8_30prompts_v1/T-DC194655530C.txt,
hp001_balanced_top8_30prompts_v1,T-5F46BC84A1A8,2026-06-10T15:49:40.091252+00:00,HP-001,ollama,mistral:7b,7B,default,2048,0.7,0.95,4,E009,linux_commands,1,success,0.3099,13.9958,26.6508,10.2594,,22.2,,,,,,data/raw_outputs/hp001_balanced_top8_30prompts_v1/T-5F46BC84A1A8.txt,
hp001_balanced_top8_30prompts_v1,T-A98434396A43,2026-06-10T15:49:59.399721+00:00,HP-001,ollama,mistral:7b,7B,default,2048,0.7,0.95,4,E009,linux_commands,2,success,0.1245,14.0412,18.3033,10.265,,22.9,,,,,,data/raw_outputs/hp001_balanced_top8_30prompts_v1/T-A98434396A43.txt,
hp001_balanced_top8_30prompts_v1,T-439AB8B5750F,2026-06-10T15:50:26.202045+00:00,HP-001,ollama,mistral:7b,7B,default,2048,0.7,0.95,4,E009,linux_commands,3,success,0.1302,13.9943,25.7962,10.3291,,23.4,,,,,,data/raw_outputs/hp001_balanced_top8_30prompts_v1/T-439AB8B5750F.txt,
hp001_balanced_top8_30prompts_v1,T-1172F6C24FD7,2026-06-10T15:51:00.063259+00:00,HP-001,ollama,mistral:7b,7B,default,2048,0.7,0.95,4,E010,debugging,1,success,0.3095,14.0303,32.8574,10.2529,,22.6,,,,,,data/raw_outputs/hp001_balanced_top8_30prompts_v1/T-1172F6C24FD7.txt,
hp001_balanced_top8_30prompts_v1,T-EFF3B55795B9,2026-06-10T15:51:37.286332+00:00,HP-001,ollama,mistral:7b,7B,default,2048,0.7,0.95,4,E010,debugging,2,success,0.1322,13.999,36.217,10.2488,,26.3,,,,,,data/raw_outputs/hp001_balanced_top8_30prompts_v1/T-EFF3B55795B9.txt,
hp001_balanced_top8_30prompts_v1,T-18A4D55DBDA1,2026-06-10T15:52:08.195809+00:00,HP-001,ollama,mistral:7b,7B,default,2048,0.7,0.95,4,E010,debugging,3,success,0.1266,14.0101,29.9069,10.2628,,25.0,,,,,,data/raw_outputs/hp001_balanced_top8_30prompts_v1/T-18A4D55DBDA1.txt,
hp001_balanced_top8_30prompts_v1,T-187EA4EE53C0,2026-06-10T15:52:46.180841+00:00,HP-001,ollama,mistral:7b,7B,default,2048,0.7,0.95,4,E011,debugging,1,success,0.3448,13.8464,36.9773,10.2776,,39.4,,,,,,data/raw_outputs/hp001_balanced_top8_30prompts_v1/T-187EA4EE53C0.txt,
hp001_balanced_top8_30prompts_v1,T-9BF6E2234CC7,2026-06-10T15:53:19.286564+00:00,HP-001,ollama,mistral:7b,7B,default,2048,0.7,0.95,4,E011,debugging,2,success,0.1319,13.8632,32.0994,10.3323,,25.5,,,,,,data/raw_outputs/hp001_balanced_top8_30prompts_v1/T-9BF6E2234CC7.txt,
hp001_balanced_top8_30prompts_v1,T-5206A450C9B1,2026-06-10T15:53:57.563239+00:00,HP-001,ollama,mistral:7b,7B,default,2048,0.7,0.95,4,E011,debugging,3,success,0.1266,13.7383,37.268,10.2835,,59.8,,,,,,data/raw_outputs/hp001_balanced_top8_30prompts_v1/T-5206A450C9B1.txt,
hp001_balanced_top8_30prompts_v1,T-392B1B4680D4,2026-06-10T15:54:35.223391+00:00,HP-001,ollama,mistral:7b,7B,default,2048,0.7,0.95,4,E012,debugging,1,success,0.3133,13.8071,36.6479,10.2858,,31.0,,,,,,data/raw_outputs/hp001_balanced_top8_30prompts_v1/T-392B1B4680D4.txt,
hp001_balanced_top8_30prompts_v1,T-7A6E0F5696C3,2026-06-10T15:55:12.459469+00:00,HP-001,ollama,mistral:7b,7B,default,2048,0.7,0.95,4,E012,debugging,2,success,0.1521,13.8291,36.2278,10.2863,,31.7,,,,,,data/raw_outputs/hp001_balanced_top8_30prompts_v1/T-7A6E0F5696C3.txt,
hp001_balanced_top8_30prompts_v1,T-DBB31CF8065F,2026-06-10T15:55:50.503727+00:00,HP-001,ollama,mistral:7b,7B,default,2048,0.7,0.95,4,E012,debugging,3,success,0.1485,13.8231,37.0396,10.2581,,27.7,,,,,,data/raw_outputs/hp001_balanced_top8_30prompts_v1/T-DBB31CF8065F.txt,
hp001_balanced_top8_30prompts_v1,T-A3326B783F90,2026-06-10T15:56:19.105960+00:00,HP-001,ollama,mistral:7b,7B,default,2048,0.7,0.95,4,E013,summarization,1,success,0.3082,13.7705,27.5953,10.2713,,22.2,,,,,,data/raw_outputs/hp001_balanced_top8_30prompts_v1/T-A3326B783F90.txt,
hp001_balanced_top8_30prompts_v1,T-CC09EAFB8D3F,2026-06-10T15:56:49.857007+00:00,HP-001,ollama,mistral:7b,7B,default,2048,0.7,0.95,4,E013,summarization,2,success,0.1326,13.82,29.7394,10.2737,,25.2,,,,,,data/raw_outputs/hp001_balanced_top8_30prompts_v1/T-CC09EAFB8D3F.txt,
hp001_balanced_top8_30prompts_v1,T-4B13553C6151,2026-06-10T15:57:25.164601+00:00,HP-001,ollama,mistral:7b,7B,default,2048,0.7,0.95,4,E013,summarization,3,success,0.1553,13.8777,34.2995,10.2784,,23.6,,,,,,data/raw_outputs/hp001_balanced_top8_30prompts_v1/T-4B13553C6151.txt,
hp001_balanced_top8_30prompts_v1,T-DA8F28169BEB,2026-06-10T15:57:50.182759+00:00,HP-001,ollama,mistral:7b,7B,default,2048,0.7,0.95,4,E014,summarization,1,success,0.3011,13.7828,24.0155,10.273,,34.6,,,,,,data/raw_outputs/hp001_balanced_top8_30prompts_v1/T-DA8F28169BEB.txt,
hp001_balanced_top8_30prompts_v1,T-6299D3C21449,2026-06-10T15:58:21.130589+00:00,HP-001,ollama,mistral:7b,7B,default,2048,0.7,0.95,4,E014,summarization,2,success,0.1436,13.8613,29.9395,10.2969,,24.8,,,,,,data/raw_outputs/hp001_balanced_top8_30prompts_v1/T-6299D3C21449.txt,
hp001_balanced_top8_30prompts_v1,T-19C835496C55,2026-06-10T15:58:45.409684+00:00,HP-001,ollama,mistral:7b,7B,default,2048,0.7,0.95,4,E014,summarization,3,success,0.1298,13.8783,23.2738,10.2205,,26.5,,,,,,data/raw_outputs/hp001_balanced_top8_30prompts_v1/T-19C835496C55.txt,
hp001_balanced_top8_30prompts_v1,T-10A2A7C09780,2026-06-10T15:58:54.610161+00:00,HP-001,ollama,mistral:7b,7B,default,2048,0.7,0.95,4,E015,summarization,1,success,0.3076,13.7917,8.1933,10.2384,,27.8,,,,,,data/raw_outputs/hp001_balanced_top8_30prompts_v1/T-10A2A7C09780.txt,
hp001_balanced_top8_30prompts_v1,T-A3119D42F54E,2026-06-10T15:59:04.220957+00:00,HP-001,ollama,mistral:7b,7B,default,2048,0.7,0.95,4,E015,summarization,2,success,0.1196,14.0644,8.6033,10.2436,,23.3,,,,,,data/raw_outputs/hp001_balanced_top8_30prompts_v1/T-A3119D42F54E.txt,
hp001_balanced_top8_30prompts_v1,T-51852ACC886E,2026-06-10T15:59:13.054731+00:00,HP-001,ollama,mistral:7b,7B,default,2048,0.7,0.95,4,E015,summarization,3,success,0.1468,13.9268,7.8266,10.3211,,25.3,,,,,,data/raw_outputs/hp001_balanced_top8_30prompts_v1/T-51852ACC886E.txt,
hp001_balanced_top8_30prompts_v1,T-405369F282F6,2026-06-10T15:59:48.602906+00:00,HP-001,ollama,mistral:7b,7B,default,2048,0.7,0.95,4,E016,reasoning,1,success,0.3044,13.8086,34.5438,10.2284,,24.1,,,,,,data/raw_outputs/hp001_balanced_top8_30prompts_v1/T-405369F282F6.txt,
hp001_balanced_top8_30prompts_v1,T-6CC58E3DC451,2026-06-10T16:00:26.686607+00:00,HP-001,ollama,mistral:7b,7B,default,2048,0.7,0.95,4,E016,reasoning,2,success,0.1281,13.8091,37.077,10.2561,,27.6,,,,,,data/raw_outputs/hp001_balanced_top8_30prompts_v1/T-6CC58E3DC451.txt,
hp001_balanced_top8_30prompts_v1,T-96E1C13D9427,2026-06-10T16:00:52.268497+00:00,HP-001,ollama,mistral:7b,7B,default,2048,0.7,0.95,4,E016,reasoning,3,success,0.1274,13.8773,24.5725,10.259,,25.2,,,,,,data/raw_outputs/hp001_balanced_top8_30prompts_v1/T-96E1C13D9427.txt,
hp001_balanced_top8_30prompts_v1,T-A73275090652,2026-06-10T16:01:14.948923+00:00,HP-001,ollama,mistral:7b,7B,default,2048,0.7,0.95,4,E017,reasoning,1,success,0.3034,13.7936,21.6767,10.239,,21.9,,,,,,data/raw_outputs/hp001_balanced_top8_30prompts_v1/T-A73275090652.txt,
hp001_balanced_top8_30prompts_v1,T-5A3577F02690,2026-06-10T16:01:36.892209+00:00,HP-001,ollama,mistral:7b,7B,default,2048,0.7,0.95,4,E017,reasoning,2,success,0.1298,13.8991,20.9366,10.2642,,23.4,,,,,,data/raw_outputs/hp001_balanced_top8_30prompts_v1/T-5A3577F02690.txt,
hp001_balanced_top8_30prompts_v1,T-1503355B8ABB,2026-06-10T16:02:07.328483+00:00,HP-001,ollama,mistral:7b,7B,default,2048,0.7,0.95,4,E017,reasoning,3,success,0.1284,13.8305,29.4278,10.2627,,33.3,,,,,,data/raw_outputs/hp001_balanced_top8_30prompts_v1/T-1503355B8ABB.txt,
hp001_balanced_top8_30prompts_v1,T-613460C0C38C,2026-06-10T16:02:26.338203+00:00,HP-001,ollama,mistral:7b,7B,default,2048,0.7,0.95,4,E018,reasoning,1,success,0.3171,13.7754,18.0031,10.2493,,20.6,,,,,,data/raw_outputs/hp001_balanced_top8_30prompts_v1/T-613460C0C38C.txt,
hp001_balanced_top8_30prompts_v1,T-EFB345C6239F,2026-06-10T16:02:46.180854+00:00,HP-001,ollama,mistral:7b,7B,default,2048,0.7,0.95,4,E018,reasoning,2,success,0.1392,13.8022,18.8376,10.2472,,21.7,,,,,,data/raw_outputs/hp001_balanced_top8_30prompts_v1/T-EFB345C6239F.txt,
hp001_balanced_top8_30prompts_v1,T-B5117394CB42,2026-06-10T16:03:06.645426+00:00,HP-001,ollama,mistral:7b,7B,default,2048,0.7,0.95,4,E018,reasoning,3,success,0.1306,13.8252,19.4572,10.2367,,23.8,,,,,,data/raw_outputs/hp001_balanced_top8_30prompts_v1/T-B5117394CB42.txt,
hp001_balanced_top8_30prompts_v1,T-5E1475AFDC0B,2026-06-10T16:03:41.817900+00:00,HP-001,ollama,mistral:7b,7B,default,2048,0.7,0.95,4,E019,planning,1,success,0.2972,13.7853,34.1668,10.2403,,60.2,,,,,,data/raw_outputs/hp001_balanced_top8_30prompts_v1/T-5E1475AFDC0B.txt,
hp001_balanced_top8_30prompts_v1,T-73F2FE033D21,2026-06-10T16:04:17.329833+00:00,HP-001,ollama,mistral:7b,7B,default,2048,0.7,0.95,4,E019,planning,2,success,0.1558,13.8847,34.4985,10.1659,,24.5,,,,,,data/raw_outputs/hp001_balanced_top8_30prompts_v1/T-73F2FE033D21.txt,
hp001_balanced_top8_30prompts_v1,T-EE34222C0F0E,2026-06-10T16:04:50.251974+00:00,HP-001,ollama,mistral:7b,7B,default,2048,0.7,0.95,4,E019,planning,3,success,0.1647,13.8501,31.9131,10.1478,,25.5,,,,,,data/raw_outputs/hp001_balanced_top8_30prompts_v1/T-EE34222C0F0E.txt,
hp001_balanced_top8_30prompts_v1,T-022A72090267,2026-06-10T16:05:28.726673+00:00,HP-001,ollama,mistral:7b,7B,default,2048,0.7,0.95,4,E020,planning,1,success,0.3318,13.6673,37.4618,10.1932,,33.3,,,,,,data/raw_outputs/hp001_balanced_top8_30prompts_v1/T-022A72090267.txt,
hp001_balanced_top8_30prompts_v1,T-DDAFD807AE34,2026-06-10T16:06:07.076078+00:00,HP-001,ollama,mistral:7b,7B,default,2048,0.7,0.95,4,E020,planning,2,success,0.1288,13.7115,37.3409,10.1183,,27.3,,,,,,data/raw_outputs/hp001_balanced_top8_30prompts_v1/T-DDAFD807AE34.txt,
hp001_balanced_top8_30prompts_v1,T-E587D1CD6123,2026-06-10T16:06:45.326129+00:00,HP-001,ollama,mistral:7b,7B,default,2048,0.7,0.95,4,E020,planning,3,success,0.1311,13.748,37.2417,10.1755,,30.3,,,,,,data/raw_outputs/hp001_balanced_top8_30prompts_v1/T-E587D1CD6123.txt,
hp001_balanced_top8_30prompts_v1,T-259D4B4E55F5,2026-06-10T16:07:18.053016+00:00,HP-001,ollama,mistral:7b,7B,default,2048,0.7,0.95,4,E021,planning,1,success,0.3015,13.5874,31.7205,10.1597,,39.5,,,,,,data/raw_outputs/hp001_balanced_top8_30prompts_v1/T-259D4B4E55F5.txt,
hp001_balanced_top8_30prompts_v1,T-E6EDCD44983D,2026-06-10T16:07:56.588672+00:00,HP-001,ollama,mistral:7b,7B,default,2048,0.7,0.95,4,E021,planning,2,success,0.1259,13.6432,37.5278,10.1244,,23.4,,,,,,data/raw_outputs/hp001_balanced_top8_30prompts_v1/T-E6EDCD44983D.txt,
hp001_balanced_top8_30prompts_v1,T-7F83B540F6C4,2026-06-10T16:08:33.487008+00:00,HP-001,ollama,mistral:7b,7B,default,2048,0.7,0.95,4,E021,planning,3,success,0.1279,13.7355,35.8925,10.1078,,26.0,,,,,,data/raw_outputs/hp001_balanced_top8_30prompts_v1/T-7F83B540F6C4.txt,
hp001_balanced_top8_30prompts_v1,T-75FF2015D530,2026-06-10T16:09:07.533514+00:00,HP-001,ollama,mistral:7b,7B,default,2048,0.7,0.95,4,E022,safety_refusal,1,success,0.3107,13.286,33.0422,10.1109,,95.2,,,,,,data/raw_outputs/hp001_balanced_top8_30prompts_v1/T-75FF2015D530.txt,
hp001_balanced_top8_30prompts_v1,T-5F851CD681E6,2026-06-10T16:09:36.226540+00:00,HP-001,ollama,mistral:7b,7B,default,2048,0.7,0.95,4,E022,safety_refusal,2,success,0.1296,13.6532,27.6857,9.64,,26.9,,,,,,data/raw_outputs/hp001_balanced_top8_30prompts_v1/T-5F851CD681E6.txt,
hp001_balanced_top8_30prompts_v1,T-6721EC2B89F1,2026-06-10T16:10:10.038479+00:00,HP-001,ollama,mistral:7b,7B,default,2048,0.7,0.95,4,E022,safety_refusal,3,success,0.1284,13.6868,32.8052,9.6326,,26.2,,,,,,data/raw_outputs/hp001_balanced_top8_30prompts_v1/T-6721EC2B89F1.txt,
hp001_balanced_top8_30prompts_v1,T-73354C8019E7,2026-06-10T16:10:32.868746+00:00,HP-001,ollama,mistral:7b,7B,default,2048,0.7,0.95,4,E023,safety_refusal,1,success,0.2996,13.7012,21.8229,9.6007,,21.2,,,,,,data/raw_outputs/hp001_balanced_top8_30prompts_v1/T-73354C8019E7.txt,
hp001_balanced_top8_30prompts_v1,T-C47D9E612E6A,2026-06-10T16:10:54.453609+00:00,HP-001,ollama,mistral:7b,7B,default,2048,0.7,0.95,4,E023,safety_refusal,2,success,0.1268,13.7526,20.578,9.6164,,26.2,,,,,,data/raw_outputs/hp001_balanced_top8_30prompts_v1/T-C47D9E612E6A.txt,
hp001_balanced_top8_30prompts_v1,T-DF940FD550C6,2026-06-10T16:11:14.640755+00:00,HP-001,ollama,mistral:7b,7B,default,2048,0.7,0.95,4,E023,safety_refusal,3,success,0.1432,13.7105,19.1824,9.7393,,30.8,,,,,,data/raw_outputs/hp001_balanced_top8_30prompts_v1/T-DF940FD550C6.txt,
hp001_balanced_top8_30prompts_v1,T-0CC3E2C293A4,2026-06-10T16:11:44.380244+00:00,HP-001,ollama,mistral:7b,7B,default,2048,0.7,0.95,4,E024,safety_refusal,1,success,0.3016,13.7804,28.7365,9.6532,,23.1,,,,,,data/raw_outputs/hp001_balanced_top8_30prompts_v1/T-0CC3E2C293A4.txt,
hp001_balanced_top8_30prompts_v1,T-087CBE73DAF9,2026-06-10T16:12:08.448975+00:00,HP-001,ollama,mistral:7b,7B,default,2048,0.7,0.95,4,E024,safety_refusal,2,success,0.1498,13.8322,23.0621,9.6513,,23.4,,,,,,data/raw_outputs/hp001_balanced_top8_30prompts_v1/T-087CBE73DAF9.txt,
hp001_balanced_top8_30prompts_v1,T-AE0B6C2172FE,2026-06-10T16:12:35.241630+00:00,HP-001,ollama,mistral:7b,7B,default,2048,0.7,0.95,4,E024,safety_refusal,3,success,0.125,13.7288,25.7852,9.6775,,28.0,,,,,,data/raw_outputs/hp001_balanced_top8_30prompts_v1/T-AE0B6C2172FE.txt,
hp001_balanced_top8_30prompts_v1,T-8E6BF1FD5B99,2026-06-10T16:13:13.513510+00:00,HP-001,ollama,mistral:7b,7B,default,2048,0.7,0.95,4,E025,local_assistant_tasks,1,success,0.3177,13.632,37.2651,9.7216,,23.0,,,,,,data/raw_outputs/hp001_balanced_top8_30prompts_v1/T-8E6BF1FD5B99.txt,
hp001_balanced_top8_30prompts_v1,T-3F74661D9EA9,2026-06-10T16:13:46.685059+00:00,HP-001,ollama,mistral:7b,7B,default,2048,0.7,0.95,4,E025,local_assistant_tasks,2,success,0.1436,13.4623,32.1639,9.6431,,49.5,,,,,,data/raw_outputs/hp001_balanced_top8_30prompts_v1/T-3F74661D9EA9.txt,
hp001_balanced_top8_30prompts_v1,T-2A850C4DFB8E,2026-06-10T16:14:15.514779+00:00,HP-001,ollama,mistral:7b,7B,default,2048,0.7,0.95,4,E025,local_assistant_tasks,3,success,0.1278,13.2276,27.8205,9.5698,,61.1,,,,,,data/raw_outputs/hp001_balanced_top8_30prompts_v1/T-2A850C4DFB8E.txt,
hp001_balanced_top8_30prompts_v1,T-E28C57F5621E,2026-06-10T16:14:29.950031+00:00,HP-001,ollama,mistral:7b,7B,default,2048,0.7,0.95,4,E026,local_assistant_tasks,1,success,0.4998,13.557,13.4248,9.4945,,23.5,,,,,,data/raw_outputs/hp001_balanced_top8_30prompts_v1/T-E28C57F5621E.txt,
hp001_balanced_top8_30prompts_v1,T-625F504466EF,2026-06-10T16:14:53.575836+00:00,HP-001,ollama,mistral:7b,7B,default,2048,0.7,0.95,4,E026,local_assistant_tasks,2,success,0.1503,13.797,22.6136,9.4952,,23.6,,,,,,data/raw_outputs/hp001_balanced_top8_30prompts_v1/T-625F504466EF.txt,
hp001_balanced_top8_30prompts_v1,T-135C2284531D,2026-06-10T16:15:18.738301+00:00,HP-001,ollama,mistral:7b,7B,default,2048,0.7,0.95,4,E026,local_assistant_tasks,3,success,0.1271,13.7476,24.1496,9.4559,,25.7,,,,,,data/raw_outputs/hp001_balanced_top8_30prompts_v1/T-135C2284531D.txt,
hp001_balanced_top8_30prompts_v1,T-2A4C46CF27F1,2026-06-10T16:15:56.986399+00:00,HP-001,ollama,mistral:7b,7B,default,2048,0.7,0.95,4,E027,local_assistant_tasks,1,success,0.3093,13.747,37.2445,9.4715,,20.7,,,,,,data/raw_outputs/hp001_balanced_top8_30prompts_v1/T-2A4C46CF27F1.txt,
hp001_balanced_top8_30prompts_v1,T-18642A8ACF1A,2026-06-10T16:16:22.435052+00:00,HP-001,ollama,mistral:7b,7B,default,2048,0.7,0.95,4,E027,local_assistant_tasks,2,success,0.1307,13.7501,24.4362,9.5035,,24.1,,,,,,data/raw_outputs/hp001_balanced_top8_30prompts_v1/T-18642A8ACF1A.txt,
hp001_balanced_top8_30prompts_v1,T-C99857623F05,2026-06-10T16:16:45.992272+00:00,HP-001,ollama,mistral:7b,7B,default,2048,0.7,0.95,4,E027,local_assistant_tasks,3,success,0.1417,13.8373,22.5477,9.5353,,28.6,,,,,,data/raw_outputs/hp001_balanced_top8_30prompts_v1/T-C99857623F05.txt,
hp001_balanced_top8_30prompts_v1,T-DFFE60804550,2026-06-10T16:16:59.674368+00:00,HP-001,ollama,mistral:7b,7B,default,2048,0.7,0.95,4,E028,command_explanation,1,success,0.3008,13.9653,12.6743,9.5515,,24.5,,,,,,data/raw_outputs/hp001_balanced_top8_30prompts_v1/T-DFFE60804550.txt,
hp001_balanced_top8_30prompts_v1,T-DDEAD1693C75,2026-06-10T16:17:15.188279+00:00,HP-001,ollama,mistral:7b,7B,default,2048,0.7,0.95,4,E028,command_explanation,2,success,0.1227,13.9242,14.5071,9.6636,,24.1,,,,,,data/raw_outputs/hp001_balanced_top8_30prompts_v1/T-DDEAD1693C75.txt,
hp001_balanced_top8_30prompts_v1,T-9012CDFC986C,2026-06-10T16:17:28.011493+00:00,HP-001,ollama,mistral:7b,7B,default,2048,0.7,0.95,4,E028,command_explanation,3,success,0.1093,13.8739,11.8208,9.6199,,24.0,,,,,,data/raw_outputs/hp001_balanced_top8_30prompts_v1/T-9012CDFC986C.txt,
hp001_balanced_top8_30prompts_v1,T-F704E9784A2A,2026-06-10T16:18:01.591974+00:00,HP-001,ollama,mistral:7b,7B,default,2048,0.7,0.95,4,E029,command_explanation,1,success,0.3054,13.7213,32.577,9.5236,,22.6,,,,,,data/raw_outputs/hp001_balanced_top8_30prompts_v1/T-F704E9784A2A.txt,
hp001_balanced_top8_30prompts_v1,T-7F26128EF5B7,2026-06-10T16:18:29.479124+00:00,HP-001,ollama,mistral:7b,7B,default,2048,0.7,0.95,4,E029,command_explanation,2,success,0.1262,13.9506,26.8806,9.6283,,25.7,,,,,,data/raw_outputs/hp001_balanced_top8_30prompts_v1/T-7F26128EF5B7.txt,
hp001_balanced_top8_30prompts_v1,T-998D92E0AEE9,2026-06-10T16:19:02.877511+00:00,HP-001,ollama,mistral:7b,7B,default,2048,0.7,0.95,4,E029,command_explanation,3,success,0.1465,13.9548,32.3903,9.5872,,33.3,,,,,,data/raw_outputs/hp001_balanced_top8_30prompts_v1/T-998D92E0AEE9.txt,
hp001_balanced_top8_30prompts_v1,T-BBF3B55ADF7E,2026-06-10T16:19:19.561814+00:00,HP-001,ollama,mistral:7b,7B,default,2048,0.7,0.95,4,E030,command_explanation,1,success,0.3122,13.7743,15.6814,9.5702,,60.4,,,,,,data/raw_outputs/hp001_balanced_top8_30prompts_v1/T-BBF3B55ADF7E.txt,
hp001_balanced_top8_30prompts_v1,T-8451C2E3A32E,2026-06-10T16:19:36.176428+00:00,HP-001,ollama,mistral:7b,7B,default,2048,0.7,0.95,4,E030,command_explanation,2,success,0.124,13.9,15.6115,9.4854,,24.3,,,,,,data/raw_outputs/hp001_balanced_top8_30prompts_v1/T-8451C2E3A32E.txt,
hp001_balanced_top8_30prompts_v1,T-8A4E63A739AE,2026-06-10T16:20:04.173314+00:00,HP-001,ollama,mistral:7b,7B,default,2048,0.7,0.95,4,E030,command_explanation,3,success,0.1479,13.7816,26.9925,9.4917,,22.6,,,,,,data/raw_outputs/hp001_balanced_top8_30prompts_v1/T-8A4E63A739AE.txt,
hp001_balanced_top8_30prompts_v1,T-EE34746D471F,2026-06-10T16:20:16.221817+00:00,HP-001,ollama,mistral:7b,7B,default,1024,0.7,0.95,4,E001,basic_explanation,1,success,1.1539,12.5854,11.0445,8.7671,,24.1,,,,,,data/raw_outputs/hp001_balanced_top8_30prompts_v1/T-EE34746D471F.txt,
hp001_balanced_top8_30prompts_v1,T-72B2776C83C2,2026-06-10T16:20:29.420410+00:00,HP-001,ollama,mistral:7b,7B,default,1024,0.7,0.95,4,E001,basic_explanation,2,success,0.126,13.8573,12.1958,8.7803,,23.8,,,,,,data/raw_outputs/hp001_balanced_top8_30prompts_v1/T-72B2776C83C2.txt,
hp001_balanced_top8_30prompts_v1,T-C0708E67FD2F,2026-06-10T16:20:40.036154+00:00,HP-001,ollama,mistral:7b,7B,default,1024,0.7,0.95,4,E001,basic_explanation,3,success,0.1201,13.8386,9.6108,8.7916,,25.0,,,,,,data/raw_outputs/hp001_balanced_top8_30prompts_v1/T-C0708E67FD2F.txt,
hp001_balanced_top8_30prompts_v1,T-742142C1897D,2026-06-10T16:21:04.897836+00:00,HP-001,ollama,mistral:7b,7B,default,1024,0.7,0.95,4,E002,basic_explanation,1,success,0.4318,13.6659,23.8551,8.804,,23.3,,,,,,data/raw_outputs/hp001_balanced_top8_30prompts_v1/T-742142C1897D.txt,
hp001_balanced_top8_30prompts_v1,T-C140DE232F47,2026-06-10T16:21:30.659059+00:00,HP-001,ollama,mistral:7b,7B,default,1024,0.7,0.95,4,E002,basic_explanation,2,success,0.1274,13.7347,24.7548,8.9303,,24.3,,,,,,data/raw_outputs/hp001_balanced_top8_30prompts_v1/T-C140DE232F47.txt,
hp001_balanced_top8_30prompts_v1,T-D1F06EFEC0A1,2026-06-10T16:21:56.444463+00:00,HP-001,ollama,mistral:7b,7B,default,1024,0.7,0.95,4,E002,basic_explanation,3,success,0.1286,13.8022,24.7787,8.8698,,24.3,,,,,,data/raw_outputs/hp001_balanced_top8_30prompts_v1/T-D1F06EFEC0A1.txt,
hp001_balanced_top8_30prompts_v1,T-53FB8669DEA7,2026-06-10T16:22:34.947247+00:00,HP-001,ollama,mistral:7b,7B,default,1024,0.7,0.95,4,E003,basic_explanation,1,success,0.3067,13.6546,37.4964,8.9956,,60.6,,,,,,data/raw_outputs/hp001_balanced_top8_30prompts_v1/T-53FB8669DEA7.txt,
hp001_balanced_top8_30prompts_v1,T-B1CA36E4A93C,2026-06-10T16:23:13.478971+00:00,HP-001,ollama,mistral:7b,7B,default,1024,0.7,0.95,4,E003,basic_explanation,2,success,0.1233,13.6453,37.5221,9.1771,,47.5,,,,,,data/raw_outputs/hp001_balanced_top8_30prompts_v1/T-B1CA36E4A93C.txt,
hp001_balanced_top8_30prompts_v1,T-22E0077DD6C3,2026-06-10T16:23:49.594019+00:00,HP-001,ollama,mistral:7b,7B,default,1024,0.7,0.95,4,E003,basic_explanation,3,success,0.1281,13.6734,35.1047,9.1636,,24.3,,,,,,data/raw_outputs/hp001_balanced_top8_30prompts_v1/T-22E0077DD6C3.txt,
hp001_balanced_top8_30prompts_v1,T-EC99AB72D339,2026-06-10T16:24:04.298771+00:00,HP-001,ollama,mistral:7b,7B,default,1024,0.7,0.95,4,E004,coding,1,success,0.3094,13.7294,13.6932,9.1158,,34.0,,,,,,data/raw_outputs/hp001_balanced_top8_30prompts_v1/T-EC99AB72D339.txt,
hp001_balanced_top8_30prompts_v1,T-3DE8F824437F,2026-06-10T16:24:26.003799+00:00,HP-001,ollama,mistral:7b,7B,default,1024,0.7,0.95,4,E004,coding,2,success,0.1209,13.6249,20.6974,9.2152,,45.5,,,,,,data/raw_outputs/hp001_balanced_top8_30prompts_v1/T-3DE8F824437F.txt,
hp001_balanced_top8_30prompts_v1,T-DB55726B1E3F,2026-06-10T16:24:48.746132+00:00,HP-001,ollama,mistral:7b,7B,default,1024,0.7,0.95,4,E004,coding,3,success,0.1464,13.7074,21.74,9.2095,,24.8,,,,,,data/raw_outputs/hp001_balanced_top8_30prompts_v1/T-DB55726B1E3F.txt,
hp001_balanced_top8_30prompts_v1,T-2F98023FDE1D,2026-06-10T16:25:26.907712+00:00,HP-001,ollama,mistral:7b,7B,default,1024,0.7,0.95,4,E005,coding,1,success,0.3316,13.5614,37.1642,9.4326,,60.4,,,,,,data/raw_outputs/hp001_balanced_top8_30prompts_v1/T-2F98023FDE1D.txt,
hp001_balanced_top8_30prompts_v1,T-A8D18C620F5D,2026-06-10T16:25:56.802268+00:00,HP-001,ollama,mistral:7b,7B,default,1024,0.7,0.95,4,E005,coding,2,success,0.1253,13.3265,28.8898,10.0534,,52.5,,,,,,data/raw_outputs/hp001_balanced_top8_30prompts_v1/T-A8D18C620F5D.txt,
hp001_balanced_top8_30prompts_v1,T-53264FC34088,2026-06-10T16:26:36.472185+00:00,HP-001,ollama,mistral:7b,7B,default,1024,0.7,0.95,4,E005,coding,3,success,0.1252,13.2413,38.6669,10.1124,,43.7,,,,,,data/raw_outputs/hp001_balanced_top8_30prompts_v1/T-53264FC34088.txt,
hp001_balanced_top8_30prompts_v1,T-0E095D976285,2026-06-10T16:27:00.909934+00:00,HP-001,ollama,mistral:7b,7B,default,1024,0.7,0.95,4,E006,coding,1,success,0.315,13.1479,23.4257,10.1429,,45.0,,,,,,data/raw_outputs/hp001_balanced_top8_30prompts_v1/T-0E095D976285.txt,
hp001_balanced_top8_30prompts_v1,T-4E430949CC6A,2026-06-10T16:27:25.884463+00:00,HP-001,ollama,mistral:7b,7B,default,1024,0.7,0.95,4,E006,coding,2,success,0.128,13.4382,23.9616,10.1814,,35.3,,,,,,data/raw_outputs/hp001_balanced_top8_30prompts_v1/T-4E430949CC6A.txt,
hp001_balanced_top8_30prompts_v1,T-BCAEB39D4214,2026-06-10T16:27:55.769153+00:00,HP-001,ollama,mistral:7b,7B,default,1024,0.7,0.95,4,E006,coding,3,success,0.1416,14.7704,28.7738,10.2186,,74.0,,,,,,data/raw_outputs/hp001_balanced_top8_30prompts_v1/T-BCAEB39D4214.txt,
hp001_balanced_top8_30prompts_v1,T-285ECE267666,2026-06-10T16:28:13.803525+00:00,HP-001,ollama,mistral:7b,7B,default,1024,0.7,0.95,4,E007,linux_commands,1,success,0.2928,14.8602,17.0253,10.1436,,34.8,,,,,,data/raw_outputs/hp001_balanced_top8_30prompts_v1/T-285ECE267666.txt,
hp001_balanced_top8_30prompts_v1,T-9B29260A369B,2026-06-10T16:31:38.221439+00:00,HP-001,ollama,mistral:7b,7B,default,1024,0.7,0.95,4,E007,linux_commands,2,success,0.1231,14.96,21.2567,10.2384,,100.0,,,,,,data/raw_outputs/hp001_balanced_top8_30prompts_v1/T-9B29260A369B.txt,
hp001_balanced_top8_30prompts_v1,T-86E2105CC339,2026-06-10T16:32:01.266202+00:00,HP-001,ollama,mistral:7b,7B,default,1024,0.7,0.95,4,E007,linux_commands,3,success,0.1344,16.5621,22.0382,10.0069,,28.7,,,,,,data/raw_outputs/hp001_balanced_top8_30prompts_v1/T-86E2105CC339.txt,
hp001_balanced_top8_30prompts_v1,T-FEF7B15E5A85,2026-06-10T16:32:23.446186+00:00,HP-001,ollama,mistral:7b,7B,default,1024,0.7,0.95,4,E008,linux_commands,1,success,0.3841,16.4816,21.1751,10.0907,,23.1,,,,,,data/raw_outputs/hp001_balanced_top8_30prompts_v1/T-FEF7B15E5A85.txt,
hp001_balanced_top8_30prompts_v1,T-A8EA63D361A8,2026-06-10T16:32:46.680011+00:00,HP-001,ollama,mistral:7b,7B,default,1024,0.7,0.95,4,E008,linux_commands,2,success,0.1433,16.6456,22.2281,10.0093,,25.9,,,,,,data/raw_outputs/hp001_balanced_top8_30prompts_v1/T-A8EA63D361A8.txt,
hp001_balanced_top8_30prompts_v1,T-90C5F93F4731,2026-06-10T16:33:05.831823+00:00,HP-001,ollama,mistral:7b,7B,default,1024,0.7,0.95,4,E008,linux_commands,3,success,0.135,16.5868,18.1469,10.0363,,30.0,,,,,,data/raw_outputs/hp001_balanced_top8_30prompts_v1/T-90C5F93F4731.txt,
hp001_balanced_top8_30prompts_v1,T-907225F8D1B8,2026-06-10T16:33:28.344535+00:00,HP-001,ollama,mistral:7b,7B,default,1024,0.7,0.95,4,E009,linux_commands,1,success,0.3153,16.3199,21.5075,10.0503,,23.5,,,,,,data/raw_outputs/hp001_balanced_top8_30prompts_v1/T-907225F8D1B8.txt,
hp001_balanced_top8_30prompts_v1,T-3D2BF862CE01,2026-06-10T16:33:53.637875+00:00,HP-001,ollama,mistral:7b,7B,default,1024,0.7,0.95,4,E009,linux_commands,2,success,0.1394,16.1405,24.2868,10.0894,,26.9,,,,,,data/raw_outputs/hp001_balanced_top8_30prompts_v1/T-3D2BF862CE01.txt,
hp001_balanced_top8_30prompts_v1,T-45609EA93C44,2026-06-10T16:34:17.012225+00:00,HP-001,ollama,mistral:7b,7B,default,1024,0.7,0.95,4,E009,linux_commands,3,success,0.129,15.066,22.3682,10.1491,,23.6,,,,,,data/raw_outputs/hp001_balanced_top8_30prompts_v1/T-45609EA93C44.txt,
hp001_balanced_top8_30prompts_v1,T-6957D3941638,2026-06-10T16:34:49.669185+00:00,HP-001,ollama,mistral:7b,7B,default,1024,0.7,0.95,4,E010,debugging,1,success,0.3121,13.9647,31.6511,10.1573,,24.8,,,,,,data/raw_outputs/hp001_balanced_top8_30prompts_v1/T-6957D3941638.txt,
hp001_balanced_top8_30prompts_v1,T-59E1811480BF,2026-06-10T16:35:28.789059+00:00,HP-001,ollama,mistral:7b,7B,default,1024,0.7,0.95,4,E010,debugging,2,success,0.1264,13.4336,38.1135,10.1513,,29.4,,,,,,data/raw_outputs/hp001_balanced_top8_30prompts_v1/T-59E1811480BF.txt,
hp001_balanced_top8_30prompts_v1,T-7ADFAAC4062E,2026-06-10T16:36:07.603344+00:00,HP-001,ollama,mistral:7b,7B,default,1024,0.7,0.95,4,E010,debugging,3,success,0.1481,13.5413,37.8102,10.1635,,23.4,,,,,,data/raw_outputs/hp001_balanced_top8_30prompts_v1/T-7ADFAAC4062E.txt,
hp001_balanced_top8_30prompts_v1,T-78BE63421B5B,2026-06-10T16:36:46.029019+00:00,HP-001,ollama,mistral:7b,7B,default,1024,0.7,0.95,4,E011,debugging,1,success,0.313,13.6825,37.4201,10.1513,,59.8,,,,,,data/raw_outputs/hp001_balanced_top8_30prompts_v1/T-78BE63421B5B.txt,
hp001_balanced_top8_30prompts_v1,T-ECFA463AEF3B,2026-06-10T16:37:18.869265+00:00,HP-001,ollama,mistral:7b,7B,default,1024,0.7,0.95,4,E011,debugging,2,success,0.1311,13.7927,31.8284,10.1545,,49.5,,,,,,data/raw_outputs/hp001_balanced_top8_30prompts_v1/T-ECFA463AEF3B.txt,
hp001_balanced_top8_30prompts_v1,T-802D68DA03D4,2026-06-10T16:37:56.978539+00:00,HP-001,ollama,mistral:7b,7B,default,1024,0.7,0.95,4,E011,debugging,3,success,0.1283,13.8001,37.1011,10.1494,,24.5,,,,,,data/raw_outputs/hp001_balanced_top8_30prompts_v1/T-802D68DA03D4.txt,
hp001_balanced_top8_30prompts_v1,T-2B782EB65433,2026-06-10T16:38:35.283197+00:00,HP-001,ollama,mistral:7b,7B,default,1024,0.7,0.95,4,E012,debugging,1,success,0.3448,13.729,37.2932,10.1908,,25.0,,,,,,data/raw_outputs/hp001_balanced_top8_30prompts_v1/T-2B782EB65433.txt,
hp001_balanced_top8_30prompts_v1,T-DF95B1C18DB2,2026-06-10T16:39:13.565259+00:00,HP-001,ollama,mistral:7b,7B,default,1024,0.7,0.95,4,E012,debugging,2,success,0.1534,13.737,37.2716,10.1259,,25.7,,,,,,data/raw_outputs/hp001_balanced_top8_30prompts_v1/T-DF95B1C18DB2.txt,
hp001_balanced_top8_30prompts_v1,T-398BA2DEE963,2026-06-10T16:39:51.823727+00:00,HP-001,ollama,mistral:7b,7B,default,1024,0.7,0.95,4,E012,debugging,3,success,0.1481,13.745,37.2498,10.1551,,25.2,,,,,,data/raw_outputs/hp001_balanced_top8_30prompts_v1/T-398BA2DEE963.txt,
hp001_balanced_top8_30prompts_v1,T-64898E8622BB,2026-06-10T16:40:17.861830+00:00,HP-001,ollama,mistral:7b,7B,default,1024,0.7,0.95,4,E013,summarization,1,success,0.3075,13.6638,25.0296,10.2083,,29.0,,,,,,data/raw_outputs/hp001_balanced_top8_30prompts_v1/T-64898E8622BB.txt,
hp001_balanced_top8_30prompts_v1,T-C9E689E8B932,2026-06-10T16:40:46.624625+00:00,HP-001,ollama,mistral:7b,7B,default,1024,0.7,0.95,4,E013,summarization,2,success,0.1219,13.7976,27.7584,10.139,,23.1,,,,,,data/raw_outputs/hp001_balanced_top8_30prompts_v1/T-C9E689E8B932.txt,
hp001_balanced_top8_30prompts_v1,T-566F6FFC36CD,2026-06-10T16:41:17.717880+00:00,HP-001,ollama,mistral:7b,7B,default,1024,0.7,0.95,4,E013,summarization,3,success,0.1282,13.7919,30.09,10.1534,,25.9,,,,,,data/raw_outputs/hp001_balanced_top8_30prompts_v1/T-566F6FFC36CD.txt,
hp001_balanced_top8_30prompts_v1,T-2913393DD7F2,2026-06-10T16:41:38.561864+00:00,HP-001,ollama,mistral:7b,7B,default,1024,0.7,0.95,4,E014,summarization,1,success,0.3033,13.7634,19.8353,10.1561,,23.6,,,,,,data/raw_outputs/hp001_balanced_top8_30prompts_v1/T-2913393DD7F2.txt,
hp001_balanced_top8_30prompts_v1,T-854D66305F5F,2026-06-10T16:44:47.637959+00:00,HP-001,ollama,mistral:7b,7B,default,1024,0.7,0.95,4,E014,summarization,2,success,0.1279,11.7322,28.2981,10.2864,,100.0,,,,,,data/raw_outputs/hp001_balanced_top8_30prompts_v1/T-854D66305F5F.txt,
hp001_balanced_top8_30prompts_v1,T-576D0A5AA7F0,2026-06-10T16:45:06.798788+00:00,HP-001,ollama,mistral:7b,7B,default,1024,0.7,0.95,4,E014,summarization,3,success,0.1331,16.5909,18.1425,10.1017,,42.1,,,,,,data/raw_outputs/hp001_balanced_top8_30prompts_v1/T-576D0A5AA7F0.txt,
hp001_balanced_top8_30prompts_v1,T-B98A3E11B08B,2026-06-10T16:45:17.079834+00:00,HP-001,ollama,mistral:7b,7B,default,1024,0.7,0.95,4,E015,summarization,1,success,0.2993,16.2864,9.2715,10.0741,,37.3,,,,,,data/raw_outputs/hp001_balanced_top8_30prompts_v1/T-B98A3E11B08B.txt,
hp001_balanced_top8_30prompts_v1,T-8DB2DA7BD147,2026-06-10T16:45:25.353034+00:00,HP-001,ollama,mistral:7b,7B,default,1024,0.7,0.95,4,E015,summarization,2,success,0.1336,16.5126,7.2672,10.0352,,26.0,,,,,,data/raw_outputs/hp001_balanced_top8_30prompts_v1/T-8DB2DA7BD147.txt,
hp001_balanced_top8_30prompts_v1,T-FA7E3CFAB55D,2026-06-10T16:45:35.142038+00:00,HP-001,ollama,mistral:7b,7B,default,1024,0.7,0.95,4,E015,summarization,3,success,0.1392,16.6204,8.7844,10.0191,,25.0,,,,,,data/raw_outputs/hp001_balanced_top8_30prompts_v1/T-FA7E3CFAB55D.txt,
hp001_balanced_top8_30prompts_v1,T-F2C4182221A3,2026-06-10T16:45:52.854280+00:00,HP-001,ollama,mistral:7b,7B,default,1024,0.7,0.95,4,E016,reasoning,1,success,0.3289,16.4613,16.7059,10.0507,,27.6,,,,,,data/raw_outputs/hp001_balanced_top8_30prompts_v1/T-F2C4182221A3.txt,
hp001_balanced_top8_30prompts_v1,T-49EB5A8D0A62,2026-06-10T16:46:16.937777+00:00,HP-001,ollama,mistral:7b,7B,default,1024,0.7,0.95,4,E016,reasoning,2,success,0.1319,16.5069,23.0812,10.1478,,31.4,,,,,,data/raw_outputs/hp001_balanced_top8_30prompts_v1/T-49EB5A8D0A62.txt,
hp001_balanced_top8_30prompts_v1,T-3AA6F267DE26,2026-06-10T16:46:41.053795+00:00,HP-001,ollama,mistral:7b,7B,default,1024,0.7,0.95,4,E016,reasoning,3,success,0.1441,16.4432,23.1098,10.1372,,25.5,,,,,,data/raw_outputs/hp001_balanced_top8_30prompts_v1/T-3AA6F267DE26.txt,
hp001_balanced_top8_30prompts_v1,T-853C2BDD77F8,2026-06-10T16:46:58.837367+00:00,HP-001,ollama,mistral:7b,7B,default,1024,0.7,0.95,4,E017,reasoning,1,success,0.3153,16.2092,16.7806,10.1866,,24.3,,,,,,data/raw_outputs/hp001_balanced_top8_30prompts_v1/T-853C2BDD77F8.txt,
hp001_balanced_top8_30prompts_v1,T-CE70D0E23F31,2026-06-10T16:47:16.392585+00:00,HP-001,ollama,mistral:7b,7B,default,1024,0.7,0.95,4,E017,reasoning,2,success,0.141,15.9505,16.5513,10.1124,,22.9,,,,,,data/raw_outputs/hp001_balanced_top8_30prompts_v1/T-CE70D0E23F31.txt,
hp001_balanced_top8_30prompts_v1,T-52338F18A0B5,2026-06-10T16:47:47.239457+00:00,HP-001,ollama,mistral:7b,7B,default,1024,0.7,0.95,4,E017,reasoning,3,success,0.1301,14.7448,29.841,10.1396,,23.8,,,,,,data/raw_outputs/hp001_balanced_top8_30prompts_v1/T-52338F18A0B5.txt,
hp001_balanced_top8_30prompts_v1,T-B0F52D431355,2026-06-10T16:48:06.678233+00:00,HP-001,ollama,mistral:7b,7B,default,1024,0.7,0.95,4,E018,reasoning,1,success,0.3487,13.8331,18.4341,10.1528,,24.8,,,,,,data/raw_outputs/hp001_balanced_top8_30prompts_v1/T-B0F52D431355.txt,
hp001_balanced_top8_30prompts_v1,T-7EA84F1619B2,2026-06-10T16:48:32.374970+00:00,HP-001,ollama,mistral:7b,7B,default,1024,0.7,0.95,4,E018,reasoning,2,success,0.1448,13.6083,24.6907,10.2066,,25.0,,,,,,data/raw_outputs/hp001_balanced_top8_30prompts_v1/T-7EA84F1619B2.txt,
hp001_balanced_top8_30prompts_v1,T-FA9B4E4E660F,2026-06-10T16:48:55.681379+00:00,HP-001,ollama,mistral:7b,7B,default,1024,0.7,0.95,4,E018,reasoning,3,success,0.1294,13.6328,22.2992,10.2186,,27.4,,,,,,data/raw_outputs/hp001_balanced_top8_30prompts_v1/T-FA9B4E4E660F.txt,
hp001_balanced_top8_30prompts_v1,T-2065744C11F5,2026-06-10T16:49:32.349920+00:00,HP-001,ollama,mistral:7b,7B,default,1024,0.7,0.95,4,E019,planning,1,success,0.297,13.8528,35.6606,10.1735,,22.9,,,,,,data/raw_outputs/hp001_balanced_top8_30prompts_v1/T-2065744C11F5.txt,
hp001_balanced_top8_30prompts_v1,T-1D2EA17DF02F,2026-06-10T16:50:05.552169+00:00,HP-001,ollama,mistral:7b,7B,default,1024,0.7,0.95,4,E019,planning,2,success,0.127,14.0069,32.1983,10.1662,,61.2,,,,,,data/raw_outputs/hp001_balanced_top8_30prompts_v1/T-1D2EA17DF02F.txt,
hp001_balanced_top8_30prompts_v1,T-6ED96036A0F7,2026-06-10T16:50:42.877435+00:00,HP-001,ollama,mistral:7b,7B,default,1024,0.7,0.95,4,E019,planning,3,success,0.1313,14.0972,36.3193,10.1705,,58.9,,,,,,data/raw_outputs/hp001_balanced_top8_30prompts_v1/T-6ED96036A0F7.txt,
hp001_balanced_top8_30prompts_v1,T-8379C5EFE239,2026-06-10T16:51:20.219212+00:00,HP-001,ollama,mistral:7b,7B,default,1024,0.7,0.95,4,E020,planning,1,success,0.3109,14.0914,36.3341,10.2101,,40.0,,,,,,data/raw_outputs/hp001_balanced_top8_30prompts_v1/T-8379C5EFE239.txt,
hp001_balanced_top8_30prompts_v1,T-FC29BF9638E0,2026-06-10T16:51:57.896256+00:00,HP-001,ollama,mistral:7b,7B,default,1024,0.7,0.95,4,E020,planning,2,success,0.1282,13.962,36.6711,10.134,,50.5,,,,,,data/raw_outputs/hp001_balanced_top8_30prompts_v1/T-FC29BF9638E0.txt,
hp001_balanced_top8_30prompts_v1,T-22E2F1583190,2026-06-10T16:52:35.879353+00:00,HP-001,ollama,mistral:7b,7B,default,1024,0.7,0.95,4,E020,planning,3,success,0.1274,13.8463,36.9774,10.1654,,38.6,,,,,,data/raw_outputs/hp001_balanced_top8_30prompts_v1/T-22E2F1583190.txt,
hp001_balanced_top8_30prompts_v1,T-A342DBA58AFE,2026-06-10T16:53:13.573888+00:00,HP-001,ollama,mistral:7b,7B,default,1024,0.7,0.95,4,E021,planning,1,success,0.3038,13.9568,36.6846,10.1675,,24.8,,,,,,data/raw_outputs/hp001_balanced_top8_30prompts_v1/T-A342DBA58AFE.txt,
hp001_balanced_top8_30prompts_v1,T-5084CB53B4F2,2026-06-10T16:53:51.131105+00:00,HP-001,ollama,mistral:7b,7B,default,1024,0.7,0.95,4,E021,planning,2,success,0.1292,14.0101,36.5452,10.124,,36.0,,,,,,data/raw_outputs/hp001_balanced_top8_30prompts_v1/T-5084CB53B4F2.txt,
hp001_balanced_top8_30prompts_v1,T-2AA59F587429,2026-06-10T16:54:28.565554+00:00,HP-001,ollama,mistral:7b,7B,default,1024,0.7,0.95,4,E021,planning,3,success,0.1257,14.0546,36.4294,10.1535,,40.0,,,,,,data/raw_outputs/hp001_balanced_top8_30prompts_v1/T-2AA59F587429.txt,
hp001_balanced_top8_30prompts_v1,T-B9D9D1AA9666,2026-06-10T16:55:00.751240+00:00,HP-001,ollama,mistral:7b,7B,default,1024,0.7,0.95,4,E022,safety_refusal,1,success,0.3118,14.0819,31.1747,10.1269,,27.5,,,,,,data/raw_outputs/hp001_balanced_top8_30prompts_v1/T-B9D9D1AA9666.txt,
hp001_balanced_top8_30prompts_v1,T-085C5F30026A,2026-06-10T16:58:20.682887+00:00,HP-001,ollama,mistral:7b,7B,default,1024,0.7,0.95,4,E022,safety_refusal,2,success,0.1315,10.9848,24.5795,10.1222,,100.0,,,,,,data/raw_outputs/hp001_balanced_top8_30prompts_v1/T-085C5F30026A.txt,
hp001_balanced_top8_30prompts_v1,T-80CA2B45C14C,2026-06-10T16:58:40.389286+00:00,HP-001,ollama,mistral:7b,7B,default,1024,0.7,0.95,4,E022,safety_refusal,3,success,0.1444,16.2594,18.6969,9.7349,,61.2,,,,,,data/raw_outputs/hp001_balanced_top8_30prompts_v1/T-80CA2B45C14C.txt,
hp001_balanced_top8_30prompts_v1,T-5955FC8F80D3,2026-06-10T16:59:01.678767+00:00,HP-001,ollama,mistral:7b,7B,default,1024,0.7,0.95,4,E023,safety_refusal,1,success,0.3063,16.5662,20.2823,9.6269,,26.2,,,,,,data/raw_outputs/hp001_balanced_top8_30prompts_v1/T-5955FC8F80D3.txt,
hp001_balanced_top8_30prompts_v1,T-7411B8DB66DC,2026-06-10T16:59:11.903252+00:00,HP-001,ollama,mistral:7b,7B,default,1024,0.7,0.95,4,E023,safety_refusal,2,success,0.1371,16.7001,9.2215,9.6358,,23.1,,,,,,data/raw_outputs/hp001_balanced_top8_30prompts_v1/T-7411B8DB66DC.txt,
hp001_balanced_top8_30prompts_v1,T-29ADEF1F849F,2026-06-10T16:59:31.588964+00:00,HP-001,ollama,mistral:7b,7B,default,1024,0.7,0.95,4,E023,safety_refusal,3,success,0.1305,16.6497,18.679,9.7064,,42.9,,,,,,data/raw_outputs/hp001_balanced_top8_30prompts_v1/T-29ADEF1F849F.txt,
hp001_balanced_top8_30prompts_v1,T-3F6FD7AA1565,2026-06-10T16:59:39.559512+00:00,HP-001,ollama,mistral:7b,7B,default,1024,0.7,0.95,4,E024,safety_refusal,1,success,0.3065,16.224,6.965,9.6278,,21.9,,,,,,data/raw_outputs/hp001_balanced_top8_30prompts_v1/T-3F6FD7AA1565.txt,
hp001_balanced_top8_30prompts_v1,T-4D914A800515,2026-06-10T17:00:00.912631+00:00,HP-001,ollama,mistral:7b,7B,default,1024,0.7,0.95,4,E024,safety_refusal,2,success,0.1261,16.6617,20.3461,9.6205,,25.0,,,,,,data/raw_outputs/hp001_balanced_top8_30prompts_v1/T-4D914A800515.txt,
hp001_balanced_top8_30prompts_v1,T-9DDDC247768F,2026-06-10T17:00:18.365899+00:00,HP-001,ollama,mistral:7b,7B,default,1024,0.7,0.95,4,E024,safety_refusal,3,success,0.1294,16.5381,16.4469,9.6388,,30.0,,,,,,data/raw_outputs/hp001_balanced_top8_30prompts_v1/T-9DDDC247768F.txt,
hp001_balanced_top8_30prompts_v1,T-38A42F2485B8,2026-06-10T17:00:49.638193+00:00,HP-001,ollama,mistral:7b,7B,default,1024,0.7,0.95,4,E025,local_assistant_tasks,1,success,0.3081,16.0249,30.2655,9.6496,,25.0,,,,,,data/raw_outputs/hp001_balanced_top8_30prompts_v1/T-38A42F2485B8.txt,
hp001_balanced_top8_30prompts_v1,T-39CC455B0198,2026-06-10T17:01:12.911473+00:00,HP-001,ollama,mistral:7b,7B,default,1024,0.7,0.95,4,E025,local_assistant_tasks,2,success,0.145,15.2221,22.2703,9.6597,,24.1,,,,,,data/raw_outputs/hp001_balanced_top8_30prompts_v1/T-39CC455B0198.txt,
hp001_balanced_top8_30prompts_v1,T-F0C2FAC36D4B,2026-06-10T17:01:38.471072+00:00,HP-001,ollama,mistral:7b,7B,default,1024,0.7,0.95,4,E025,local_assistant_tasks,3,success,0.1214,14.4983,24.5546,9.6864,,26.0,,,,,,data/raw_outputs/hp001_balanced_top8_30prompts_v1/T-F0C2FAC36D4B.txt,
hp001_balanced_top8_30prompts_v1,T-6BD3CC01D384,2026-06-10T17:01:53.119579+00:00,HP-001,ollama,mistral:7b,7B,default,1024,0.7,0.95,4,E026,local_assistant_tasks,1,success,0.4782,13.7037,13.646,9.622,,26.4,,,,,,data/raw_outputs/hp001_balanced_top8_30prompts_v1/T-6BD3CC01D384.txt,
hp001_balanced_top8_30prompts_v1,T-2E716DB477BA,2026-06-10T17:02:04.773165+00:00,HP-001,ollama,mistral:7b,7B,default,1024,0.7,0.95,4,E026,local_assistant_tasks,2,success,0.11,13.9936,10.6477,9.5084,,23.8,,,,,,data/raw_outputs/hp001_balanced_top8_30prompts_v1/T-2E716DB477BA.txt,
hp001_balanced_top8_30prompts_v1,T-6EE836B8CDD5,2026-06-10T17:02:15.759189+00:00,HP-001,ollama,mistral:7b,7B,default,1024,0.7,0.95,4,E026,local_assistant_tasks,3,success,0.1252,14.0276,9.9803,9.5113,,25.2,,,,,,data/raw_outputs/hp001_balanced_top8_30prompts_v1/T-6EE836B8CDD5.txt,
hp001_balanced_top8_30prompts_v1,T-CAC1DB1E5B63,2026-06-10T17:02:52.945236+00:00,HP-001,ollama,mistral:7b,7B,default,1024,0.7,0.95,4,E027,local_assistant_tasks,1,success,0.3082,13.9848,36.182,9.5867,,33.3,,,,,,data/raw_outputs/hp001_balanced_top8_30prompts_v1/T-CAC1DB1E5B63.txt,
hp001_balanced_top8_30prompts_v1,T-3F39CD94006E,2026-06-10T17:03:20.365268+00:00,HP-001,ollama,mistral:7b,7B,default,1024,0.7,0.95,4,E027,local_assistant_tasks,2,success,0.158,14.2709,26.4174,9.5421,,25.9,,,,,,data/raw_outputs/hp001_balanced_top8_30prompts_v1/T-3F39CD94006E.txt,
hp001_balanced_top8_30prompts_v1,T-39DFD5247366,2026-06-10T17:03:47.083227+00:00,HP-001,ollama,mistral:7b,7B,default,1024,0.7,0.95,4,E027,local_assistant_tasks,3,success,0.1516,14.3117,25.7132,9.5655,,51.4,,,,,,data/raw_outputs/hp001_balanced_top8_30prompts_v1/T-39DFD5247366.txt,
hp001_balanced_top8_30prompts_v1,T-80B6B12645D7,2026-06-10T17:03:57.497451+00:00,HP-001,ollama,mistral:7b,7B,default,1024,0.7,0.95,4,E028,command_explanation,1,success,0.3153,14.1417,9.4048,9.5477,,60.8,,,,,,data/raw_outputs/hp001_balanced_top8_30prompts_v1/T-80B6B12645D7.txt,
hp001_balanced_top8_30prompts_v1,T-8B7E159A7A95,2026-06-10T17:04:16.919419+00:00,HP-001,ollama,mistral:7b,7B,default,1024,0.7,0.95,4,E028,command_explanation,2,success,0.1218,14.3947,18.4096,9.545,,32.7,,,,,,data/raw_outputs/hp001_balanced_top8_30prompts_v1/T-8B7E159A7A95.txt,
hp001_balanced_top8_30prompts_v1,T-6FF6044B698E,2026-06-10T17:04:29.057026+00:00,HP-001,ollama,mistral:7b,7B,default,1024,0.7,0.95,4,E028,command_explanation,3,success,0.1463,14.378,11.1281,9.5344,,36.0,,,,,,data/raw_outputs/hp001_balanced_top8_30prompts_v1/T-6FF6044B698E.txt,
hp001_balanced_top8_30prompts_v1,T-9630FFF9851C,2026-06-10T17:04:58.847362+00:00,HP-001,ollama,mistral:7b,7B,default,1024,0.7,0.95,4,E029,command_explanation,1,success,0.3028,14.2471,28.7778,9.5307,,25.0,,,,,,data/raw_outputs/hp001_balanced_top8_30prompts_v1/T-9630FFF9851C.txt,
hp001_balanced_top8_30prompts_v1,T-CE14AC3A76E9,2026-06-10T17:05:27.470944+00:00,HP-001,ollama,mistral:7b,7B,default,1024,0.7,0.95,4,E029,command_explanation,2,success,0.1465,14.2693,27.6117,9.5188,,23.6,,,,,,data/raw_outputs/hp001_balanced_top8_30prompts_v1/T-CE14AC3A76E9.txt,
hp001_balanced_top8_30prompts_v1,T-7AA2F079E41F,2026-06-10T17:05:53.526852+00:00,HP-001,ollama,mistral:7b,7B,default,1024,0.7,0.95,4,E029,command_explanation,3,success,0.1268,14.2548,25.0441,9.5308,,23.2,,,,,,data/raw_outputs/hp001_balanced_top8_30prompts_v1/T-7AA2F079E41F.txt,
hp001_balanced_top8_30prompts_v1,T-F5E167B5C620,2026-06-10T17:06:15.348412+00:00,HP-001,ollama,mistral:7b,7B,default,1024,0.7,0.95,4,E030,command_explanation,1,success,0.3319,14.176,20.8097,9.5261,,21.3,,,,,,data/raw_outputs/hp001_balanced_top8_30prompts_v1/T-F5E167B5C620.txt,
hp001_balanced_top8_30prompts_v1,T-7B1AA6AF881E,2026-06-10T17:06:46.877903+00:00,HP-001,ollama,mistral:7b,7B,default,1024,0.7,0.95,4,E030,command_explanation,2,success,0.126,14.2207,30.5188,9.5374,,35.6,,,,,,data/raw_outputs/hp001_balanced_top8_30prompts_v1/T-7B1AA6AF881E.txt,
hp001_balanced_top8_30prompts_v1,T-646F5F5A003F,2026-06-10T17:07:09.269426+00:00,HP-001,ollama,mistral:7b,7B,default,1024,0.7,0.95,4,E030,command_explanation,3,success,0.135,14.2185,21.3806,9.5253,,23.6,,,,,,data/raw_outputs/hp001_balanced_top8_30prompts_v1/T-646F5F5A003F.txt,
